event_id,title,date,venue,price,link,image_url
1991856794291,The USA to Lagos Artist Showcase and Networking Event,"The USA to Lagos Artist Showcase and Networking EventSat, Sep 5 •  5:00 PMLagos · KRISTAL LAGOSSave this event: The USA to Lagos Artist Showcase and Networking EventShare this event: The USA to Lagos Artist Showcase and Networking Event","Sat, Sep 5 •  5:00 PM",Lagos · KRISTAL LAGOS,https://www.eventbrite.com/e/the-usa-to-lagos-artist-showcase-and-networking-event-tickets-1991856794291,https://img.evbuc.com/https%3A%2F%2Fcdn.evbuc.com%2Fimages%2F1186863866%2F2347743523913%2F1%2Foriginal.20260614-120106?crop=focalpoint&fit=crop&w=640&auto=format%2Ccompress&q=75&sharp=10&fp-x=0.509&fp-y=0.111&s=10cac7e7658f3ffdbf4562290a2f8780
761216086807,Lagos International Finance Expo 2028,"Lagos International Finance Expo 2028Fri, Nov 17 •  8:30 AMLagos · Landmark CentreSave this event: Lagos International Finance Expo 2028Share this event: Lagos International Finance Expo 2028","Fri, Nov 17 •  8:30 AM",Lagos · Landmark Centre,https://www.eventbrite.hk/e/lagos-international-finance-expo-2028-tickets-761216086807,https://img.evbuc.com/https%3A%2F%2Fcdn.evbuc.com%2Fimages%2F643843359%2F700916941403%2F1%2Foriginal.20231117-154504?w=640&auto=format%2Ccompress&q=75&sharp=10&rect=0%2C200%2C1228%2C614&s=391e9c82cbe9405800860b74ae64f927
768941062417,iFXShow Lagos 2026,"iFXShow Lagos 2026Fri, Nov 17 •  8:30 AMLagos · Landmark CentreSave this event: iFXShow Lagos 2026Share this event: iFXShow Lagos 2026","Fri, Nov 17 •  8:30 AM",Lagos · Landmark Centre,https://www.eventbrite.hk/e/ifxshow-lagos-2026-tickets-768941062417,https://img.evbuc.com/https%3A%2F%2Fcdn.evbuc.com%2Fimages%2F701801579%2F700916941403%2F1%2Foriginal.20240221-070323?w=640&auto=format%2Ccompress&q=75&sharp=10&rect=0%2C86%2C1024%2C512&s=f660ee279d8faa1b6ab783527c6e6f3d
1989928726388,AgriValue Nigeria Summit 2026: Feeding the Nation: Unlocking Nigeria’s Agro,"AgriValue Nigeria Summit 2026: Feeding the Nation: Unlocking Nigeria’s AgroThu, Oct 15 •  10:00 AMLagos · Lcci Conference And Exhibition CentreSave this event: AgriValue Nigeria Summit 2026: Feeding the Nation: Unlocking Nigeria’s AgroShare this event: AgriValue Nigeria Summit 2026: Feeding the Nation: Unlocking Nigeria’s Agro","Thu, Oct 15 •  10:00 AM",Lagos · Lcci Conference And Exhibition Centre,https://www.eventbrite.com/e/agrivalue-nigeria-summit-2026-feeding-the-nation-unlocking-nigerias-agro-tickets-1989928726388,https://img.evbuc.com/https%3A%2F%2Fcdn.evbuc.com%2Fimages%2F1187935573%2F2879877462171%2F1%2Foriginal.20260630-170004?crop=focalpoint&fit=crop&w=640&auto=format%2Ccompress&q=75&sharp=10&fp-x=0.5&fp-y=0.5&s=9387e112249bd9d7769d2306e0429ade
1994688434804,SME Africa Summit Lagos 2026 (Founding Edition),"SME Africa Summit Lagos 2026 (Founding Edition)Sat, Oct 3 •  8:30 AMLagos · Ikeja, Lagos State, NGSave this event: SME Africa Summit Lagos 2026 (Founding Edition)Share this event: SME Africa Summit Lagos 2026 (Founding Edition)","Sat, Oct 3 •  8:30 AM","Lagos · Ikeja, Lagos State, NG",https://www.eventbrite.com/e/sme-africa-summit-lagos-2026-founding-edition-tickets-1994688434804,https://img.evbuc.com/https%3A%2F%2Fcdn.evbuc.com%2Fimages%2F1189312395%2F2208747162863%2F1%2Foriginal.20260721-153529?crop=focalpoint&fit=crop&w=640&auto=format%2Ccompress&q=75&sharp=10&fp-x=0.095&fp-y=0.562&s=8991d99d85bf28566b860752822576f2
1994143744621,CAPITAL AS A FORCE CONVENING (2026),"CAPITAL AS A FORCE CONVENING (2026)Thu, Sep 10 •  9:00 AMLagos · Nordic Hotel LagosSave this event: CAPITAL AS A FORCE CONVENING (2026)Share this event: CAPITAL AS A FORCE CONVENING (2026)","Thu, Sep 10 •  9:00 AM",Lagos · Nordic Hotel Lagos,https://www.eventbrite.com/e/capital-as-a-force-convening-2026-tickets-1994143744621,https://img.evbuc.com/https%3A%2F%2Fcdn.evbuc.com%2Fimages%2F1191192912%2F3008270099123%2F1%2Foriginal.20260816-191901?w=640&auto=format%2Ccompress&q=75&sharp=10&s=b40543676e25413ea0f5b48628160a03
1998636730262,Summer Celebration Fun Day 2026 | FREE Family Day in Lagos,Summer Celebration Fun Day 2026 | FREE Family Day in LagosToday • 12:00 PMLagos · Sigmabase apartmentsSave this event: Summer Celebration Fun Day 2026 | FREE Family Day in LagosShare this event: Summer Celebration Fun Day 2026 | FREE Family Day in Lagos,Today • 12:00 PM,Lagos · Sigmabase apartments,https://www.eventbrite.co.uk/e/summer-celebration-fun-day-2026-free-family-day-in-lagos-tickets-1998636730262,https://img.evbuc.com/https%3A%2F%2Fcdn.evbuc.com%2Fimages%2F1191654724%2F1675361678683%2F1%2Foriginal.20260822-130854?crop=focalpoint&fit=crop&w=640&auto=format%2Ccompress&q=75&sharp=10&fp-x=0.197&fp-y=0.368&s=f77c90e29e036fc3a45ea77f07a91b7b
1998017338645,The FEP Conference 2026,"The FEP Conference 2026Sat, Sep 19 •  10:00 AMAbuja · Nigerian National Merit Award (NNMA)HouseSave this event: The FEP Conference 2026Share this event: The FEP Conference 2026","Sat, Sep 19 •  10:00 AM",Abuja · Nigerian National Merit Award (NNMA)House,https://www.eventbrite.com/e/the-fep-conference-2026-tickets-1998017338645,https://img.evbuc.com/https%3A%2F%2Fcdn.evbuc.com%2Fimages%2F1192151505%2F2827913764811%2F1%2Foriginal.20260828-213310?crop=focalpoint&fit=crop&w=640&auto=format%2Ccompress&q=75&sharp=10&fp-x=0.509&fp-y=0.567&s=a256148779b88e4184219bca40b993aa
1996816279244,Move & Settle in the UK as a Talent Masterclass,"Move & Settle in the UK as a Talent MasterclassTue, Oct 27 •  10:00 AMLagos · Victoria IslandFrom £0.00eMigr8 Tech Visa118 followersSave this event: Move & Settle in the UK as a Talent MasterclassShare this event: Move & Settle in the UK as a Talent Masterclass","Tue, Oct 27 •  10:00 AM",Lagos · Victoria Island,https://www.eventbrite.com/e/move-settle-in-the-uk-as-a-talent-masterclass-tickets-1996816279244,https://img.evbuc.com/https%3A%2F%2Fcdn.evbuc.com%2Fimages%2F1190495697%2F2988832312447%2F1%2Foriginal.20260806-203413?crop=focalpoint&fit=crop&w=640&auto=format%2Ccompress&q=75&sharp=10&fp-x=0.431&fp-y=0.21&s=04426dac04e2be5bfd8b628c0f806d51
1985903121696,Inspire Africa Conference 2026,"Inspire Africa Conference 2026Wed, Oct 14 •  9:00 AMLagos · Eko Hotel And SuitesFrom $15.74Innovate Africa Foundation23 followersSave this event: Inspire Africa Conference 2026Share this event: Inspire Africa Conference 2026","Wed, Oct 14 •  9:00 AM",Lagos · Eko Hotel And Suites,https://www.eventbrite.com/e/inspire-africa-conference-2026-tickets-1985903121696,https://img.evbuc.com/https%3A%2F%2Fcdn.evbuc.com%2Fimages%2F1180644927%2F2996393595501%2F1%2Foriginal.20260325-104513?crop=focalpoint&fit=crop&w=640&auto=format%2Ccompress&q=75&sharp=10&fp-x=0.492&fp-y=0.677&s=16146a1639eed82e0d51499320d03eb6
1998387956172,Hangout With June Butterfly 2026,"Hangout With June Butterfly 2026Sat, Sep 26 •  3:00 PMIbadan · Obasanmi Olakanpo StreetFrom $0.00Save this event: Hangout With June Butterfly 2026Share this event: Hangout With June Butterfly 2026","Sat, Sep 26 •  3:00 PM",Ibadan · Obasanmi Olakanpo Street,https://www.eventbrite.com/e/hangout-with-june-butterfly-2026-tickets-1998387956172,https://img.evbuc.com/https%3A%2F%2Fcdn.evbuc.com%2Fimages%2F1191369914%2F2886019910421%2F1%2Foriginal.20260818-202014?crop=focalpoint&fit=crop&w=640&auto=format%2Ccompress&q=75&sharp=10&fp-x=0.486&fp-y=0.206&s=c1bd3f0ad127ba0027ba3351970e1321
1977017519621,"Investors Summit  Nigeria, 2026","Investors Summit  Nigeria, 2026Tue, Nov 10 •  9:00 AMAbuja · Abuja Continental HotelFrom $1,000.00Business Summit143 followersSave this event: Investors Summit  Nigeria, 2026Share this event: Investors Summit  Nigeria, 2026","Tue, Nov 10 •  9:00 AM",Abuja · Abuja Continental Hotel,https://www.eventbrite.ca/e/investors-summit-nigeria-2026-tickets-1977017519621,https://img.evbuc.com/https%3A%2F%2Fcdn.evbuc.com%2Fimages%2F1191130391%2F1254259856483%2F1%2Foriginal.20260815-080230?crop=focalpoint&fit=crop&w=640&auto=format%2Ccompress&q=75&sharp=10&fp-x=0.5&fp-y=0.5&s=3ac71906f38afd355926be9ecc2118c3
1996420390129,Females By Design,"Females By DesignSat, Oct 10 •  8:00 AMImo · Oguta, imo stateFrom $0.00Okoroafor Ifeoma J I12 followersSave this event: Females By DesignShare this event: Females By Design","Sat, Oct 10 •  8:00 AM","Imo · Oguta, imo state",https://www.eventbrite.ca/e/females-by-design-tickets-1996420390129,https://img.evbuc.com/https%3A%2F%2Fcdn.evbuc.com%2Fimages%2F1191277470%2F311917258105%2F1%2Foriginal.20260817-200755?crop=focalpoint&fit=crop&w=640&auto=format%2Ccompress&q=75&sharp=10&fp-x=0.424&fp-y=0.59&s=d0d432a92934179fc902894730ee6252
520967165817,TOZALI - AFRICA FASHION & CULTURAL WEEK ABUJA,"TOZALI - AFRICA FASHION & CULTURAL WEEK ABUJAFri, Nov 27 •  5:00 PM  + 1 moreAbuja · Abuja Continental Hotel | 5 Star HotelFrom €37.39Africa Fashion Museum | Musee De la Mode Africaine2.6k followersSave this event: TOZALI - AFRICA FASHION & CULTURAL WEEK ABUJAShare this event: TOZALI - AFRICA FASHION & CULTURAL WEEK ABUJA","Fri, Nov 27 •  5:00 PM  + 1 more",Abuja · Abuja Continental Hotel | 5 Star Hotel,https://www.eventbrite.nl/e/tozali-africa-fashion-cultural-week-abuja-tickets-520967165817,https://img.evbuc.com/https%3A%2F%2Fcdn.evbuc.com%2Fimages%2F452180949%2F66730779377%2F1%2Foriginal.20230222-171908?w=640&auto=format%2Ccompress&q=75&sharp=10&rect=0%2C229%2C3840%2C1920&s=56c2e0d1d9a2f2c8507f5c4c84bfa081
1989675201087,The Retreat by Sabi Sweat 2026,"The Retreat by Sabi Sweat 2026Fri, Oct 9 •  12:00 AM  + 1 moreLagos · Lakowe Lakes Golf & Country EstateFrom £239.06Sabi Sweat81 followersSave this event: The Retreat by Sabi Sweat 2026Share this event: The Retreat by Sabi Sweat 2026","Fri, Oct 9 •  12:00 AM  + 1 more",Lagos · Lakowe Lakes Golf & Country Estate,https://www.eventbrite.com/e/the-retreat-by-sabi-sweat-2026-tickets-1989675201087,https://img.evbuc.com/https%3A%2F%2Fcdn.evbuc.com%2Fimages%2F1184700238%2F2736150889811%2F1%2Foriginal.20260515-165531?crop=focalpoint&fit=crop&w=640&auto=format%2Ccompress&q=75&sharp=10&fp-x=0.5&fp-y=0.5&s=1814ae88cc3b3c377704177b3dafc1cd
N/A,August LIVESTREAM Asset Protection & Wealth Creation Summit,Sales end soonAugust LIVESTREAM Asset Protection & Wealth Creation SummitTomorrow • 4:00 PM GMT+1FreeProtect Wealth Academy4.8k followersPromotedSave this event: August LIVESTREAM Asset Protection & Wealth Creation SummitShare this event: August LIVESTREAM Asset Protection & Wealth Creation SummitPromoted event actions,Sales end soon,Tomorrow • 4:00 PM GMT+1,https://www.eventbrite.com/e/august-livestream-asset-protection-wealth-creation-summit-registration-1994901366689,https://img.evbuc.com/https%3A%2F%2Fcdn.evbuc.com%2Fimages%2F676137229%2F134046273304%2F1%2Foriginal.20240117-003944?h=230&w=460&auto=format%2Ccompress&q=75&sharp=10&rect=0%2C127%2C1278%2C639&s=5fc949ece760625d5cd00486bbad6a0f
N/A,Mindful Inspiration Break (Loving Kindness),Sales end soonMindful Inspiration Break (Loving Kindness)Tomorrow • 9:30 PM GMT+1From $0.00Jen Jortner Cassidy42 followersPromotedSave this event: Mindful Inspiration Break (Loving Kindness)Share this event: Mindful Inspiration Break (Loving Kindness)Promoted event actions,Sales end soon,Tomorrow • 9:30 PM GMT+1,https://www.eventbrite.com/e/mindful-inspiration-break-loving-kindness-registration-1996520618916,https://img.evbuc.com/https%3A%2F%2Fcdn.evbuc.com%2Fimages%2F1190234778%2F1925703308623%2F1%2Foriginal.20260803-214852?crop=focalpoint&fit=crop&h=230&w=460&auto=format%2Ccompress&q=75&sharp=10&fp-x=0.46&fp-y=0.149&s=3c8db669752cd1f309b44b95cab0409d
1989727474438,Selfie Sunday at Alali VI! : Things to do in Lagos Every Sunday,Selfie Sunday at Alali VI! : Things to do in Lagos Every SundayToday • 4:30 PM + 26 moreLagos · 32 Musa Yar' Adua StFrom $50.00Dani1.2k followersSave this event: Selfie Sunday at Alali VI! : Things to do in Lagos Every SundayShare this event: Selfie Sunday at Alali VI! : Things to do in Lagos Every Sunday,Today • 4:30 PM + 26 more,Lagos · 32 Musa Yar' Adua St,https://www.eventbrite.com/e/selfie-sunday-at-alali-vi-things-to-do-in-lagos-every-sunday-tickets-1989727474438,https://img.evbuc.com/https%3A%2F%2Fcdn.evbuc.com%2Fimages%2F971489183%2F380767785573%2F1%2Foriginal.20250228-000652?crop=focalpoint&fit=crop&w=640&auto=format%2Ccompress&q=75&sharp=10&fp-x=0.547267793159&fp-y=0.73994810943&s=9ff688ff7c5e7239d9da0d2bcc736984
1995076763305,Leveling Up Vol. 1 A Creative Skills Masterclass by Cre8Kulture,"Leveling Up Vol. 1 A Creative Skills Masterclass by Cre8KultureFri, Sep 18 •  10:00 AMIbadan · VeritasFrameFrom $50.00Cre8Kulture - A Creative Community17 followersSave this event: Leveling Up Vol. 1 A Creative Skills Masterclass by Cre8KultureShare this event: Leveling Up Vol. 1 A Creative Skills Masterclass by Cre8Kulture","Fri, Sep 18 •  10:00 AM",Ibadan · VeritasFrame,https://www.eventbrite.com/e/leveling-up-vol-1-a-creative-skills-masterclass-by-cre8kulture-tickets-1995076763305,https://img.evbuc.com/https%3A%2F%2Fcdn.evbuc.com%2Fimages%2F1189540033%2F217515564780%2F1%2Foriginal.20260724-110823?crop=focalpoint&fit=crop&w=640&auto=format%2Ccompress&q=75&sharp=10&fp-x=0.5&fp-y=0.5&s=1073a93522dbb7f641d682068f02e4bd
1998103668861,Sponsored Scholarship 2026,"Sponsored Scholarship 2026Mon, Sep 7 •  11:00 AMAbuja · MKK PLAZAFrom $37.05Save this event: Sponsored Scholarship 2026Share this event: Sponsored Scholarship 2026","Mon, Sep 7 •  11:00 AM",Abuja · MKK PLAZA,https://www.eventbrite.com/e/sponsored-scholarship-2026-tickets-1998103668861,https://img.evbuc.com/https%3A%2F%2Fcdn.evbuc.com%2Fimages%2F1191143388%2F3010906655726%2F1%2Foriginal.20260815-155613?crop=focalpoint&fit=crop&w=640&auto=format%2Ccompress&q=75&sharp=10&fp-x=0.5&fp-y=0.5&s=6c9e5e85618e01e3b9f9af55aaf1df17
1993255559034,Kano Business Intelligence Summit,"Kano Business Intelligence SummitSat, Sep 5 •  10:00 AMKano · Tahir Guest PalaceFrom $20.00Workerlink Consulting14 followersSave this event: Kano Business Intelligence SummitShare this event: Kano Business Intelligence Summit","Sat, Sep 5 •  10:00 AM",Kano · Tahir Guest Palace,https://www.eventbrite.com/e/kano-business-intelligence-summit-tickets-1993255559034,https://img.evbuc.com/https%3A%2F%2Fcdn.evbuc.com%2Fimages%2F1188226622%2F3006588453431%2F1%2Foriginal.20260705-094243?crop=focalpoint&fit=crop&w=640&auto=format%2Ccompress&q=75&sharp=10&fp-x=0.5&fp-y=0.5&s=2d29cb15a12b1a4829180973c2948d09
1996363574191,Discover the Heart of Ibadan  One-Day Heritage & City Experience,"Discover the Heart of Ibadan  One-Day Heritage & City ExperienceSat, Sep 5 •  7:00 AMIbadan · Challenge bus terminalFrom $33.85Save this event: Discover the Heart of Ibadan  One-Day Heritage & City ExperienceShare this event: Discover the Heart of Ibadan  One-Day Heritage & City Experience","Sat, Sep 5 •  7:00 AM",Ibadan · Challenge bus terminal,https://www.eventbrite.com/e/discover-the-heart-of-ibadan-one-day-heritage-city-experience-tickets-1996363574191,N/A
1988913332317,AFRICAN MARKETING SUMMIT,"AFRICAN MARKETING SUMMITMon, Sep 14 •  10:00 AMLagos · Eko Hotel And SuitesFrom $215.26Save this event: AFRICAN MARKETING SUMMITShare this event: AFRICAN MARKETING SUMMIT","Mon, Sep 14 •  10:00 AM",Lagos · Eko Hotel And Suites,https://www.eventbrite.com/e/african-marketing-summit-tickets-1988913332317,https://img.evbuc.com/https%3A%2F%2Fcdn.evbuc.com%2Fimages%2F1183916518%2F1777859727533%2F1%2Foriginal.20260506-141018?w=320&auto=format%2Ccompress&q=75&sharp=10&s=0b2147bcd600d2fa66c8b08f79f6d5af
1995391956055,UNIVERSITY OF CALABA TALENT SHOW,"UNIVERSITY OF CALABA TALENT SHOWWed, Sep 9 •  12:00 PMCross River · University of CalabaFrom $10.00Save this event: UNIVERSITY OF CALABA TALENT SHOWShare this event: UNIVERSITY OF CALABA TALENT SHOW","Wed, Sep 9 •  12:00 PM",Cross River · University of Calaba,https://www.eventbrite.com/e/university-of-calaba-talent-show-tickets-1995391956055,https://img.evbuc.com/https%3A%2F%2Fcdn.evbuc.com%2Fimages%2F1189666896%2F3009221159266%2F1%2Foriginal.20260727-002640?crop=focalpoint&fit=crop&w=640&auto=format%2Ccompress&q=75&sharp=10&fp-x=0.5&fp-y=0.5&s=bc90db9de7aefd9f8e2743dd0be8f1c1
1998771913599,ISO 14001 EMS LEAD AUDITOR TRAINING,"ISO 14001 EMS LEAD AUDITOR TRAININGMon, Sep 21 •  10:00 AM  + 2 moreLagos · Lagos, NigeriaFrom $321.96IEMA INSTITUTESave this event: ISO 14001 EMS LEAD AUDITOR TRAININGShare this event: ISO 14001 EMS LEAD AUDITOR TRAINING","Mon, Sep 21 •  10:00 AM  + 2 more","Lagos · Lagos, Nigeria",https://www.eventbrite.ca/e/iso-14001-ems-lead-auditor-training-tickets-1998771913599,https://img.evbuc.com/https%3A%2F%2Fcdn.evbuc.com%2Fimages%2F1191763433%2F3011046880476%2F1%2Foriginal.20260824-151016?w=640&auto=format%2Ccompress&q=75&sharp=10&s=957fa3bc76e1b8fd9fbcb31dcd7de055
1997612786619,Abuja Business Clinic: Navigating Nigeria’s New Tax Landscape & Its Impact,"Abuja Business Clinic: Navigating Nigeria’s New Tax Landscape & Its ImpactWed, Sep 23 •  10:00 AMAbuja · Fraser SuitesFrom $276.08Save this event: Abuja Business Clinic: Navigating Nigeria’s New Tax Landscape & Its ImpactShare this event: Abuja Business Clinic: Navigating Nigeria’s New Tax Landscape & Its Impact","Wed, Sep 23 •  10:00 AM",Abuja · Fraser Suites,https://www.eventbrite.com/e/abuja-business-clinic-navigating-nigerias-new-tax-landscape-its-impact-tickets-1997612786619,https://img.evbuc.com/https%3A%2F%2Fcdn.evbuc.com%2Fimages%2F1190813928%2F3010534561170%2F1%2Foriginal.20260811-164354?crop=focalpoint&fit=crop&w=640&auto=format%2Ccompress&q=75&sharp=10&fp-x=0.5&fp-y=0.5&s=f28bfdef8c417f9ef5f1b30051dfb176
1997849785489,NBCC MEET THE GOVERNOR SERIES- GUEST SPEAKER- DR ALEX OTTI,"NBCC MEET THE GOVERNOR SERIES- GUEST SPEAKER- DR ALEX OTTIThu, Sep 10 •  10:00 AMLagos · Lekki Phase 1From $80.27Nigerian-British Chamber of Commerce18 followersSave this event: NBCC MEET THE GOVERNOR SERIES- GUEST SPEAKER- DR ALEX OTTIShare this event: NBCC MEET THE GOVERNOR SERIES- GUEST SPEAKER- DR ALEX OTTI","Thu, Sep 10 •  10:00 AM",Lagos · Lekki Phase 1,https://www.eventbrite.com/e/nbcc-meet-the-governor-series-guest-speaker-dr-alex-otti-tickets-1997849785489,https://img.evbuc.com/https%3A%2F%2Fcdn.evbuc.com%2Fimages%2F1190977021%2F227148197491%2F1%2Foriginal.20260813-133258?crop=focalpoint&fit=crop&w=640&auto=format%2Ccompress&q=75&sharp=10&fp-x=0.515&fp-y=0.043&s=ea9868048ee0f53182d8cccd7ea14324
1752180191119,Crème de la Crème by LUXAFRICA,"Crème de la Crème by LUXAFRICASun, Oct 4 •  2:00 PM  + 9 moreLagos · Zita Rooftop Pool/Lounge @ Vintano HotelFrom $74.00LUXAFRICA HUB LIMITEDSave this event: Crème de la Crème by LUXAFRICAShare this event: Crème de la Crème by LUXAFRICA","Sun, Oct 4 •  2:00 PM  + 9 more",Lagos · Zita Rooftop Pool/Lounge @ Vintano Hotel,https://www.eventbrite.com/e/creme-de-la-creme-by-luxafrica-tickets-1752180191119,https://img.evbuc.com/https%3A%2F%2Fcdn.evbuc.com%2Fimages%2F1191661861%2F2926175666761%2F1%2Foriginal.20260822-163453?crop=focalpoint&fit=crop&w=640&auto=format%2Ccompress&q=75&sharp=10&fp-x=0.593&fp-y=0.808&s=0fdfeb5760bac7585b3457dc6cdb3e6e
1998671832253,No Plus Ones,"No Plus OnesSat, Sep 26 •  12:00 PMLagos · Lufasi nature parkFrom $15.00Save this event: No Plus OnesShare this event: No Plus Ones","Sat, Sep 26 •  12:00 PM",Lagos · Lufasi nature park,https://www.eventbrite.com/e/no-plus-ones-tickets-1998671832253,https://img.evbuc.com/https%3A%2F%2Fcdn.evbuc.com%2Fimages%2F1191697935%2F3011633495235%2F1%2Foriginal.20260823-145037?crop=focalpoint&fit=crop&w=640&auto=format%2Ccompress&q=75&sharp=10&fp-x=0.5&fp-y=0.5&s=355d03c5032717955b97cfdc86293b04
1998901077933,"We need help to use for my brother my brother is very sick since 5, years","We need help to use for my brother my brother is very sick since 5, yearsSun, Oct 4 •  10:00 AMLagos · NigeriaFrom $50,000.00Save this event: We need help to use for my brother my brother is very sick since 5, yearsShare this event: We need help to use for my brother my brother is very sick since 5, years","Sun, Oct 4 •  10:00 AM",Lagos · Nigeria,https://www.eventbrite.com/e/we-need-help-to-use-for-my-brother-my-brother-is-very-sick-since-5-years-tickets-1998901077933,https://img.evbuc.com/https%3A%2F%2Fcdn.evbuc.com%2Fimages%2F1191861334%2F2730793760581%2F1%2Foriginal.20260825-154017?crop=focalpoint&fit=crop&w=640&auto=format%2Ccompress&q=75&sharp=10&fp-x=0.5&fp-y=0.5&s=5e05d9f4df0d5bf3c44bd1431fdb3703
1998226071972,QMS Auditor/Lead Auditor ISO 9001:2015,"QMS Auditor/Lead Auditor ISO 9001:2015Wednesday • 10:00 AM + 8 moreLagos · Lagos, NigeriaFrom $268.61IEMA INSTITUTESave this event: QMS Auditor/Lead Auditor ISO 9001:2015Share this event: QMS Auditor/Lead Auditor ISO 9001:2015",Wednesday • 10:00 AM + 8 more,"Lagos · Lagos, Nigeria",https://www.eventbrite.ca/e/qms-auditorlead-auditor-iso-90012015-tickets-1998226071972,https://img.evbuc.com/https%3A%2F%2Fcdn.evbuc.com%2Fimages%2F1191247124%2F3011046880476%2F1%2Foriginal.20260817-145835?crop=focalpoint&fit=crop&w=640&auto=format%2Ccompress&q=75&sharp=10&fp-x=0.5&fp-y=0.5&s=e7b39996c6fda1dee88e07cc7954079b
1997849000140,NBCC POWER SUMMIT,"NBCC POWER SUMMITThu, Sep 17 •  10:00 AMLagos · Lekki Phase 1From $18.38Nigerian-British Chamber of Commerce18 followersSave this event: NBCC POWER SUMMITShare this event: NBCC POWER SUMMIT","Thu, Sep 17 •  10:00 AM",Lagos · Lekki Phase 1,https://www.eventbrite.com/e/nbcc-power-summit-tickets-1997849000140,https://img.evbuc.com/https%3A%2F%2Fcdn.evbuc.com%2Fimages%2F1190976385%2F227148197491%2F1%2Foriginal.20260813-132239?crop=focalpoint&fit=crop&w=640&auto=format%2Ccompress&q=75&sharp=10&fp-x=0.201&fp-y=0.064&s=ce69004c64fc6ffb61d7754042018700
1997791224331,GreenRise AgriVentures Academy,"GreenRise AgriVentures AcademyThu, Oct 22 •  8:00 AMPlateau · JosFrom $79.74Save this event: GreenRise AgriVentures AcademyShare this event: GreenRise AgriVentures Academy","Thu, Oct 22 •  8:00 AM",Plateau · Jos,https://www.eventbrite.com/e/greenrise-agriventures-academy-tickets-1997791224331,https://img.evbuc.com/https%3A%2F%2Fcdn.evbuc.com%2Fimages%2F1190931519%2F3010655622710%2F1%2Foriginal.20260812-214202?crop=focalpoint&fit=crop&w=640&auto=format%2Ccompress&q=75&sharp=10&fp-x=0.497&fp-y=0.505&s=2e1a07b868aa281dcab2274c1052d001
1998169065464,5X More Dates with Expert Texting Strategies | Online Webinar,Sales end soon5X More Dates with Expert Texting Strategies | Online WebinarTomorrow • 11:00 AM GMT+1FreeCore Confidence Coaching472 followersPromotedSave this event: 5X More Dates with Expert Texting Strategies | Online WebinarShare this event: 5X More Dates with Expert Texting Strategies | Online WebinarPromoted event actions,Sales end soon,Tomorrow • 11:00 AM GMT+1,https://www.eventbrite.com.au/e/5x-more-dates-with-expert-texting-strategies-online-webinar-tickets-1998169065464,https://img.evbuc.com/https%3A%2F%2Fcdn.evbuc.com%2Fimages%2F1191603525%2F323119814893%2F1%2Foriginal.20260821-160602?h=230&w=460&auto=format%2Ccompress&q=75&sharp=10&s=97087f0d307590209fce3af1ec19c054
1993499897858,Introductory Meditation with Upekkha and Vidyadhari,Sales end soonIntroductory Meditation with Upekkha and VidyadhariToday • 9:30 PM GMT+1FreePromotedSave this event: Introductory Meditation with Upekkha and VidyadhariShare this event: Introductory Meditation with Upekkha and VidyadhariPromoted event actions,Sales end soon,Today • 9:30 PM GMT+1,https://www.eventbrite.com/e/introductory-meditation-with-upekkha-and-vidyadhari-tickets-1993499897858,https://img.evbuc.com/https%3A%2F%2Fcdn.evbuc.com%2Fimages%2F1175624181%2F2989418969500%2F1%2Foriginal.20260123-055511?crop=focalpoint&fit=crop&h=230&w=460&auto=format%2Ccompress&q=75&sharp=10&fp-x=0.506&fp-y=0.792&s=34cbe16551f5d1d0ce11a58369462d53
1995574439869,How To Make Money Using AI,Going fastHow To Make Money Using AITomorrow • 11:00 PM GMT+1FreeSteps 4 Success1.2k followersPromotedSave this event: How To Make Money Using AIShare this event: How To Make Money Using AIPromoted event actions,Going fast,Tomorrow • 11:00 PM GMT+1,https://www.eventbrite.com/e/how-to-make-money-using-ai-tickets-1995574439869,https://img.evbuc.com/https%3A%2F%2Fcdn.evbuc.com%2Fimages%2F1188238427%2F2887491046791%2F1%2Foriginal.20260705-171553?h=230&w=460&auto=format%2Ccompress&q=75&sharp=10&s=48d12b50c86faec8f2c1c7313405033d
1996365332450,Love Hangout,"Love HangoutFri, Sep 11 •  10:00 AMRivers · 6 Shedrack AveFrom $0.00Save this event: Love HangoutShare this event: Love Hangout","Fri, Sep 11 •  10:00 AM",Rivers · 6 Shedrack Ave,https://www.eventbrite.com/e/love-hangout-tickets-1996365332450,N/A
1992728189658,CHANGE MAKERS BALL,"CHANGE MAKERS BALLFri, Nov 6 •  5:00 PMAbuja · NAF Conference Centre and SuitesFrom $21.322 for 1 dealSave this event: CHANGE MAKERS BALLShare this event: CHANGE MAKERS BALL","Fri, Nov 6 •  5:00 PM",Abuja · NAF Conference Centre and Suites,https://www.eventbrite.ca/e/change-makers-ball-tickets-1992728189658,https://img.evbuc.com/https%3A%2F%2Fcdn.evbuc.com%2Fimages%2F1191844132%2F3006542009584%2F1%2Foriginal.20260825-120919?crop=focalpoint&fit=crop&w=640&auto=format%2Ccompress&q=75&sharp=10&fp-x=0.502&fp-y=0.269&s=2ec75df246662e07591448705832a70d
1994638068156,Benin Tech Fest 2.0,"Benin Tech Fest 2.0Thu, Nov 5 •  9:00 AMEdo · Victor Uwaifo Creative HubFrom $2.58Proline Group10 followersSave this event: Benin Tech Fest 2.0Share this event: Benin Tech Fest 2.0","Thu, Nov 5 •  9:00 AM",Edo · Victor Uwaifo Creative Hub,https://www.eventbrite.com/e/benin-tech-fest-20-tickets-1994638068156,https://img.evbuc.com/https%3A%2F%2Fcdn.evbuc.com%2Fimages%2F1190060839%2F3000926587875%2F1%2Foriginal.20260731-195606?crop=focalpoint&fit=crop&w=640&auto=format%2Ccompress&q=75&sharp=10&fp-x=0.886&fp-y=0.408&s=0102afc393600712b8befe9cbdc85748
1994303778286,TECH SOLUTIONS FOR MODERN REAL ESTATE,"TECH SOLUTIONS FOR MODERN REAL ESTATESat, Oct 31 •  10:30 AMRivers · Golden Tulip P 1C Evo Crescent, GRA Phase II, Port Harcourt, Rivers StateFrom $5.70Save this event: TECH SOLUTIONS FOR MODERN REAL ESTATEShare this event: TECH SOLUTIONS FOR MODERN REAL ESTATE","Sat, Oct 31 •  10:30 AM","Rivers · Golden Tulip P 1C Evo Crescent, GRA Phase II, Port Harcourt, Rivers State",https://www.eventbrite.com/e/tech-solutions-for-modern-real-estate-tickets-1994303778286,https://img.evbuc.com/https%3A%2F%2Fcdn.evbuc.com%2Fimages%2F1189069513%2F3008380708003%2F1%2Foriginal.20260717-132237?crop=focalpoint&fit=crop&w=640&auto=format%2Ccompress&q=75&sharp=10&fp-x=0.5&fp-y=0.5&s=5dd60dd59b26770f6aae765db496eb11
1997674990673,"GAMMA & Tech Summit 2026 Global Aviation, Maritime & Mobility Access Summit","GAMMA & Tech Summit 2026 Global Aviation, Maritime & Mobility Access SummitThu, Nov 5 •  10:00 AM  + 1 moreLagos · Lagos Oriental HotelFrom $25.00Save this event: GAMMA & Tech Summit 2026 Global Aviation, Maritime & Mobility Access SummitShare this event: GAMMA & Tech Summit 2026 Global Aviation, Maritime & Mobility Access Summit","Thu, Nov 5 •  10:00 AM  + 1 more",Lagos · Lagos Oriental Hotel,https://www.eventbrite.com/e/gamma-tech-summit-2026-global-aviation-maritime-mobility-access-summit-tickets-1997674990673,https://img.evbuc.com/https%3A%2F%2Fcdn.evbuc.com%2Fimages%2F1190868627%2F3009909075204%2F1%2Foriginal.20260812-065044?crop=focalpoint&fit=crop&w=640&auto=format%2Ccompress&q=75&sharp=10&fp-x=0.453&fp-y=0.284&s=b79712de32e360eba3f011aecfbaff9f
1998885090113,GOOALLISSIMMO (c),"GOOALLISSIMMO (c)Thu, Dec 24 •  10:00 AMLagos · Banana Island Sports FieldFrom £19.12Together Lagos; creatives as units of intervention103 followersSave this event: GOOALLISSIMMO (c)Share this event: GOOALLISSIMMO (c)","Thu, Dec 24 •  10:00 AM",Lagos · Banana Island Sports Field,https://www.eventbrite.com/e/gooallissimmo-c-tickets-1998885090113,https://img.evbuc.com/https%3A%2F%2Fcdn.evbuc.com%2Fimages%2F1191844028%2F708610904763%2F1%2Foriginal.png?w=640&auto=format%2Ccompress&q=75&sharp=10&rect=0%2C0%2C940%2C470&s=9ffabe92a7a244ad0193949adb82bac4
726106182137,ART MEETS FASHION LAGOS,"ART MEETS FASHION LAGOSThu, Dec 17 •  12:00 AM  + 1 moreLagos · Lagos Continental HotelFrom €32.19Africa Fashion Museum | Musee De la Mode Africaine2.6k followersSave this event: ART MEETS FASHION LAGOSShare this event: ART MEETS FASHION LAGOS","Thu, Dec 17 •  12:00 AM  + 1 more",Lagos · Lagos Continental Hotel,https://www.eventbrite.nl/e/art-meets-fashion-lagos-tickets-726106182137,https://img.evbuc.com/https%3A%2F%2Fcdn.evbuc.com%2Fimages%2F726881849%2F66730779377%2F1%2Foriginal.20240324-070911?w=640&auto=format%2Ccompress&q=75&sharp=10&rect=0%2C256%2C1024%2C512&s=6bccf6329c9c2723d68c0269f731a35f
1993124747774,CONNEXA 2026  - The Opportunity Playground,"CONNEXA 2026  - The Opportunity PlaygroundSat, Nov 28 •  10:00 AMLagos · University of LagosFrom £4.50Zidepeople13 followersSave this event: CONNEXA 2026  - The Opportunity PlaygroundShare this event: CONNEXA 2026  - The Opportunity Playground","Sat, Nov 28 •  10:00 AM",Lagos · University of Lagos,https://www.eventbrite.com/e/connexa-2026-the-opportunity-playground-tickets-1993124747774,https://img.evbuc.com/https%3A%2F%2Fcdn.evbuc.com%2Fimages%2F1188143410%2F2679441000051%2F1%2Foriginal.20260703-083830?crop=focalpoint&fit=crop&w=640&auto=format%2Ccompress&q=75&sharp=10&fp-x=0.546&fp-y=0.3&s=70d4bb5e0f6b2cfb5b894249870f7b51
522537382377,ART MEETS FASHION ABUJA,"ART MEETS FASHION ABUJAThu, Dec 23 •  3:00 PMAbuja · National Gallery Of ArtFrom €32.19Africa Fashion Museum | Musee De la Mode Africaine2.6k followersSave this event: ART MEETS FASHION ABUJAShare this event: ART MEETS FASHION ABUJA","Thu, Dec 23 •  3:00 PM",Abuja · National Gallery Of Art,https://www.eventbrite.nl/e/art-meets-fashion-abuja-tickets-522537382377,https://img.evbuc.com/https%3A%2F%2Fcdn.evbuc.com%2Fimages%2F726882679%2F66730779377%2F1%2Foriginal.20240324-071509?w=640&auto=format%2Ccompress&q=75&sharp=10&rect=0%2C208%2C1024%2C512&s=d3caec7e441d5d6f37a72dcc8ab250e0
1987278229681,Ellipopi's Lagos Tour,"Ellipopi's Lagos TourSun, Sep 19 •  12:00 AMLagos · Oba Elegushi Beach RoadFrom $23.18Save this event: Ellipopi's Lagos TourShare this event: Ellipopi's Lagos Tour","Sun, Sep 19 •  12:00 AM",Lagos · Oba Elegushi Beach Road,https://www.eventbrite.com/e/ellipopis-lagos-tour-tickets-1987278229681,https://img.evbuc.com/https%3A%2F%2Fcdn.evbuc.com%2Fimages%2F1181991858%2F2998368386949%2F1%2Foriginal.20260412-221328?w=640&auto=format%2Ccompress&q=75&sharp=10&s=463f9e752350aec817c1de912a234319
1961242171129,"Pie & AI: Abuja - AI for All: Bridging Innovation, Talent & Opportunity","Pie & AI: Abuja - AI for All: Bridging Innovation, Talent & OpportunitySat, Oct 31 •  10:00 AMAbuja · Merit HouseFreePie & AI by DeepLearning.AI community8.1k followersSave this event: Pie & AI: Abuja - AI for All: Bridging Innovation, Talent & OpportunityShare this event: Pie & AI: Abuja - AI for All: Bridging Innovation, Talent & Opportunity","Sat, Oct 31 •  10:00 AM",Abuja · Merit House,https://www.eventbrite.com/e/pie-ai-abuja-ai-for-all-bridging-innovation-talent-opportunity-tickets-1961242171129,https://img.evbuc.com/https%3A%2F%2Fcdn.evbuc.com%2Fimages%2F1174057294%2F330454567255%2F1%2Foriginal.20260105-234154?crop=focalpoint&fit=crop&w=640&auto=format%2Ccompress&q=75&sharp=10&fp-x=0.5&fp-y=0.5&s=c964fe1b2884d18abd7e4e41b5c700bc
1980536375614,Nigeria Female Entrepreneurs Conference,"Nigeria Female Entrepreneurs ConferenceSat, Oct 3 •  10:00 AMLagos · 13 Oki LnFreeAtlas Holdings3.4k followersSave this event: Nigeria Female Entrepreneurs ConferenceShare this event: Nigeria Female Entrepreneurs Conference","Sat, Oct 3 •  10:00 AM",Lagos · 13 Oki Ln,https://www.eventbrite.com/e/nigeria-female-entrepreneurs-conference-tickets-1980536375614,https://img.evbuc.com/https%3A%2F%2Fcdn.evbuc.com%2Fimages%2F1175643901%2F193314679181%2F1%2Foriginal.20260123-140700?crop=focalpoint&fit=crop&w=640&auto=format%2Ccompress&q=75&sharp=10&fp-x=0.539&fp-y=0.35&s=99dd70031dcba66bd9bb6b0c986fb2b4
1982980185114,Abuja Study Abroad Expo 2026,"Abuja Study Abroad Expo 2026Mon, Oct 12 •  10:00 AMAbuja · Transcorp Hilton AbujaFreeSTUDY ABROAD EDUCATION FAIR5.3k followersSave this event: Abuja Study Abroad Expo 2026Share this event: Abuja Study Abroad Expo 2026","Mon, Oct 12 •  10:00 AM",Abuja · Transcorp Hilton Abuja,https://www.eventbrite.ca/e/abuja-study-abroad-expo-2026-tickets-1982980185114,https://img.evbuc.com/https%3A%2F%2Fcdn.evbuc.com%2Fimages%2F1177391871%2F292352659919%2F1%2Foriginal.20260212-171147?w=640&auto=format%2Ccompress&q=75&sharp=10&rect=0%2C84%2C2804%2C1402&s=58e0b2935f52ced99156a1ccf1c3adbb
1976390513228,Bulletproof & Security Tech Abuja Expo: Protect Your Life and Family,"Bulletproof & Security Tech Abuja Expo: Protect Your Life and FamilySat, Nov 28 •  10:00 AMAbuja · Abuja Continental HotelFreeLive SmartCity Technology Development556 followersSave this event: Bulletproof & Security Tech Abuja Expo: Protect Your Life and FamilyShare this event: Bulletproof & Security Tech Abuja Expo: Protect Your Life and Family","Sat, Nov 28 •  10:00 AM",Abuja · Abuja Continental Hotel,https://www.eventbrite.com/e/bulletproof-security-tech-abuja-expo-protect-your-life-and-family-tickets-1976390513228,https://img.evbuc.com/https%3A%2F%2Fcdn.evbuc.com%2Fimages%2F1176460212%2F459047092700%2F1%2Foriginal.20260202-155648?crop=focalpoint&fit=crop&w=640&auto=format%2Ccompress&q=75&sharp=10&fp-x=0.103&fp-y=0.242&s=4dfc457991d2dc6d11e0e27b4a0eba6f
1984037078310,2026 CHINA COMMODITIES EXPO -NIGERIA,"2026 CHINA COMMODITIES EXPO -NIGERIATue, Nov 3 •  9:00 AMLagos · Landmark CentreFreeBrightway International Exhibition548 followersSave this event: 2026 CHINA COMMODITIES EXPO -NIGERIAShare this event: 2026 CHINA COMMODITIES EXPO -NIGERIA","Tue, Nov 3 •  9:00 AM",Lagos · Landmark Centre,https://www.eventbrite.hk/e/2026-china-commodities-expo-nigeria-tickets-1984037078310,https://img.evbuc.com/https%3A%2F%2Fcdn.evbuc.com%2Fimages%2F924672993%2F1485933811053%2F1%2Foriginal.20241230-001113?crop=focalpoint&fit=crop&w=640&auto=format%2Ccompress&q=75&sharp=10&fp-x=0.5&fp-y=0.5&s=4229e1a65eb1106d6b9b9b3f93e21b8c
1295691641579,International Conference on Global Health and Lifetime Achievement Awards,"International Conference on Global Health and Lifetime Achievement AwardsThu, Jun 29 •  9:30 AMAbuja · National Centre for Women's DevelopmentFreeEquitable Medicaid and Clinical Research Ltd/Gte940 followersSave this event: International Conference on Global Health and Lifetime Achievement AwardsShare this event: International Conference on Global Health and Lifetime Achievement Awards","Thu, Jun 29 •  9:30 AM",Abuja · National Centre for Women's Development,https://www.eventbrite.com/e/international-conference-on-global-health-and-lifetime-achievement-awards-tickets-1295691641579,https://img.evbuc.com/https%3A%2F%2Fcdn.evbuc.com%2Fimages%2F999498733%2F1968214639363%2F1%2Foriginal.20250403-004051?crop=focalpoint&fit=crop&w=640&auto=format%2Ccompress&q=75&sharp=10&fp-x=0.5&fp-y=0.5&s=2eed15ecb45973285efaa947242c3409
1980091079722,"The Future of Payments: Crypto, Lightning & Global Money","The Future of Payments: Crypto, Lightning & Global MoneySat, Nov 28 •  10:00 AMAbuja · Abuja Continental HotelFreeLive SmartCity Technology Development556 followersSave this event: The Future of Payments: Crypto, Lightning & Global MoneyShare this event: The Future of Payments: Crypto, Lightning & Global Money","Sat, Nov 28 •  10:00 AM",Abuja · Abuja Continental Hotel,https://www.eventbrite.com/e/the-future-of-payments-crypto-lightning-global-money-tickets-1980091079722,https://img.evbuc.com/https%3A%2F%2Fcdn.evbuc.com%2Fimages%2F1174309443%2F459047092700%2F1%2Foriginal.20260108-144050?crop=focalpoint&fit=crop&w=640&auto=format%2Ccompress&q=75&sharp=10&fp-x=0.5&fp-y=0.5&s=e8f802d4c8f463770925fd2580ac4d14
995095325907,Lagos International Crypto Summit,"Lagos International Crypto SummitFri, Nov 17 •  8:30 AMLagos · Landmark CentreFreeFiFin8.2k followersSave this event: Lagos International Crypto SummitShare this event: Lagos International Crypto Summit","Fri, Nov 17 •  8:30 AM",Lagos · Landmark Centre,https://www.eventbrite.hk/e/lagos-international-crypto-summit-tickets-995095325907,https://img.evbuc.com/https%3A%2F%2Fcdn.evbuc.com%2Fimages%2F827675669%2F700916941403%2F1%2Foriginal.20240815-143953?w=640&auto=format%2Ccompress&q=75&sharp=10&rect=0%2C0%2C2160%2C1080&s=4ae540be8117b615c4f09d0dce5f737c
1992204203401,"66th Nigeria Democracy Lecture, Heroes of Nigerian Democracy.","66th Nigeria Democracy Lecture, Heroes of Nigerian Democracy.Sat, Sep 26 •  11:00 AMAbuja · Nicon Luxury HotelFreeMr Idakwo Oruma Ishiaka86 followersSave this event: 66th Nigeria Democracy Lecture, Heroes of Nigerian Democracy.Share this event: 66th Nigeria Democracy Lecture, Heroes of Nigerian Democracy.","Sat, Sep 26 •  11:00 AM",Abuja · Nicon Luxury Hotel,https://www.eventbrite.com/e/66th-nigeria-democracy-lecture-heroes-of-nigerian-democracy-tickets-1992204203401,https://img.evbuc.com/https%3A%2F%2Fcdn.evbuc.com%2Fimages%2F1187264228%2F2999556477773%2F1%2Foriginal.20260619-121454?crop=focalpoint&fit=crop&w=640&auto=format%2Ccompress&q=75&sharp=10&fp-x=0.5&fp-y=0.5&s=4c8ccc866b615b39b592f3523aef40b9
1994313667866,African SDGs Film Festival 2026,"African SDGs Film Festival 2026Wed, Nov 4 •  10:00 AMAbuja · Silverbird Cinemas AbujaFreeChanja Datti Limited93 followersSave this event: African SDGs Film Festival 2026Share this event: African SDGs Film Festival 2026","Wed, Nov 4 •  10:00 AM",Abuja · Silverbird Cinemas Abuja,https://www.eventbrite.co.uk/e/african-sdgs-film-festival-2026-tickets-1994313667866,https://img.evbuc.com/https%3A%2F%2Fcdn.evbuc.com%2Fimages%2F1189076275%2F1555996027383%2F1%2Foriginal.20260717-151736?crop=focalpoint&fit=crop&w=640&auto=format%2Ccompress&q=75&sharp=10&fp-x=0.121&fp-y=0.502&s=b2127845f4ea6e53b081f0b220e582fc
1986174257671,FASHION FABLES RUNWAY AFRICA,"FASHION FABLES RUNWAY AFRICASun, Oct 18 •  2:00 PMAbuja · The Blanc Grande AbujaFreeSave this event: FASHION FABLES RUNWAY AFRICAShare this event: FASHION FABLES RUNWAY AFRICA","Sun, Oct 18 •  2:00 PM",Abuja · The Blanc Grande Abuja,https://www.eventbrite.com/e/fashion-fables-runway-africa-tickets-1986174257671,https://img.evbuc.com/https%3A%2F%2Fcdn.evbuc.com%2Fimages%2F1180957383%2F626635556193%2F1%2Foriginal.20260329-234835?w=640&auto=format%2Ccompress&q=75&sharp=10&s=3597f649e3ac995bc077f37366d9f8b3
1991531766123,"Healthy Food Summit: Chefs, Nutritionists, Dietitians & Food Entrepreneurs","Healthy Food Summit: Chefs, Nutritionists, Dietitians & Food EntrepreneursSat, Jan 30 •  9:00 AMAbuja · Abuja Continental HotelFreeLive SmartCity Technology Development556 followersSave this event: Healthy Food Summit: Chefs, Nutritionists, Dietitians & Food EntrepreneursShare this event: Healthy Food Summit: Chefs, Nutritionists, Dietitians & Food Entrepreneurs","Sat, Jan 30 •  9:00 AM",Abuja · Abuja Continental Hotel,https://www.eventbrite.com/e/healthy-food-summit-chefs-nutritionists-dietitians-food-entrepreneurs-tickets-1991531766123,https://img.evbuc.com/https%3A%2F%2Fcdn.evbuc.com%2Fimages%2F1186568320%2F459047092700%2F1%2Foriginal.20260610-062450?crop=focalpoint&fit=crop&w=640&auto=format%2Ccompress&q=75&sharp=10&fp-x=0.5&fp-y=0.5&s=4f0b870517c0c1c62b10355f6da2b40a
1720780634199,The Glory Cloud: A Worship Gathering,"The Glory Cloud: A Worship GatheringSat, Sep 12 •  5:00 PMLagos · The HallFreeEcclesia Hills1.4k followersSave this event: The Glory Cloud: A Worship GatheringShare this event: The Glory Cloud: A Worship Gathering","Sat, Sep 12 •  5:00 PM",Lagos · The Hall,https://www.eventbrite.com/e/the-glory-cloud-a-worship-gathering-tickets-1720780634199,https://img.evbuc.com/https%3A%2F%2Fcdn.evbuc.com%2Fimages%2F1189951498%2F282534281023%2F1%2Foriginal.20260730-120201?crop=focalpoint&fit=crop&w=640&auto=format%2Ccompress&q=75&sharp=10&fp-x=0.5&fp-y=0.5&s=ac70accda5aaf3f1ec5e6421a721f619
1997925149906,Lagos Future Conference 2026,"Lagos Future Conference 2026Thu, Sep 24 •  10:00 AMLagos · Landmark TowersFreeDigivation Network11 followersSave this event: Lagos Future Conference 2026Share this event: Lagos Future Conference 2026","Thu, Sep 24 •  10:00 AM",Lagos · Landmark Towers,https://www.eventbrite.co.uk/e/lagos-future-conference-2026-tickets-1997925149906,https://img.evbuc.com/https%3A%2F%2Fcdn.evbuc.com%2Fimages%2F1191051274%2F2432749624271%2F1%2Foriginal.20260814-100805?crop=focalpoint&fit=crop&w=640&auto=format%2Ccompress&q=75&sharp=10&fp-x=0.032&fp-y=0.311&s=0ad84aed4414079a91ac27f5fde09f28
1986048750275,Africa Forex Trading Expo 2026-  2nd Edition,"Africa Forex Trading Expo 2026-  2nd EditionWed, Nov 11 •  10:00 AMLagos · Balmoral Convention Center, Victoria IslandFreeAzelia Expo LTD63 followersSave this event: Africa Forex Trading Expo 2026-  2nd EditionShare this event: Africa Forex Trading Expo 2026-  2nd Edition","Wed, Nov 11 •  10:00 AM","Lagos · Balmoral Convention Center, Victoria Island",https://www.eventbrite.com/e/africa-forex-trading-expo-2026-2nd-edition-tickets-1986048750275,https://img.evbuc.com/https%3A%2F%2Fcdn.evbuc.com%2Fimages%2F1183678333%2F2816023954691%2F1%2Foriginal.20260504-044452?crop=focalpoint&fit=crop&w=320&auto=format%2Ccompress&q=75&sharp=10&fp-x=0.5&fp-y=0.5&s=af8b3e651f0fb9ee39ed086fc7bcd670
1982348594008,Next Frontier Conference 2nd Edition,"Next Frontier Conference 2nd EditionSat, Sep 19 •  9:00 AMLagos · AGIP Recital HallFreeJobrole Consulting Limited12 followersSave this event: Next Frontier Conference 2nd EditionShare this event: Next Frontier Conference 2nd Edition","Sat, Sep 19 •  9:00 AM",Lagos · AGIP Recital Hall,https://www.eventbrite.com/e/next-frontier-conference-2nd-edition-tickets-1982348594008,https://img.evbuc.com/https%3A%2F%2Fcdn.evbuc.com%2Fimages%2F1189397370%2F2850703131461%2F1%2Foriginal.20260722-150324?crop=focalpoint&fit=crop&w=640&auto=format%2Ccompress&q=75&sharp=10&fp-x=0.517&fp-y=0.553&s=3dcea457506b8bafe14332dcd6d8e821
1991870649733,SOAK EXTENDED 4.0,"SOAK EXTENDED 4.0Sun, Sep 6 •  3:00 PMLagos · The Elevation Church Ibeju LekkiFreeElevation Church Ibeju Lekki / EPOP Ibeju Lekki40 followersSave this event: SOAK EXTENDED 4.0Share this event: SOAK EXTENDED 4.0","Sun, Sep 6 •  3:00 PM",Lagos · The Elevation Church Ibeju Lekki,https://www.eventbrite.com/e/soak-extended-40-tickets-1991870649733,https://img.evbuc.com/https%3A%2F%2Fcdn.evbuc.com%2Fimages%2F1189941702%2F1562484601673%2F1%2Foriginal.20260730-081307?crop=focalpoint&fit=crop&w=640&auto=format%2Ccompress&q=75&sharp=10&fp-x=0.395&fp-y=0.432&s=28fdc358857507dd66b5cfa53e4444fd
1997144450814,Next level Selling: Financial literacy & wealth creation for real estate,"Next level Selling: Financial literacy & wealth creation for real estateThursday • 2:30 PMAbuja · Hall 4 , Novare CentralFreeSave this event: Next level Selling: Financial literacy & wealth creation for real estateShare this event: Next level Selling: Financial literacy & wealth creation for real estate",Thursday • 2:30 PM,"Abuja · Hall 4 , Novare Central",https://www.eventbrite.com/e/next-level-selling-financial-literacy-wealth-creation-for-real-estate-tickets-1997144450814,https://img.evbuc.com/https%3A%2F%2Fcdn.evbuc.com%2Fimages%2F1190542610%2F3010191800524%2F1%2Foriginal.20260807-134625?crop=focalpoint&fit=crop&w=640&auto=format%2Ccompress&q=75&sharp=10&fp-x=0.501&fp-y=0.054&s=eb4e2600634335f9f644a2bf6e9180ed
1998216085101,FOCUS AFRICA LEADERS FORUM 2026,"FOCUS AFRICA LEADERS FORUM 2026Sat, Sep 26 •  9:00 AMAbuja · Nicon Luxury HotelFreeFocus Africa304 followersSave this event: FOCUS AFRICA LEADERS FORUM 2026Share this event: FOCUS AFRICA LEADERS FORUM 2026","Sat, Sep 26 •  9:00 AM",Abuja · Nicon Luxury Hotel,https://www.eventbrite.com/e/focus-africa-leaders-forum-2026-tickets-1998216085101,https://img.evbuc.com/https%3A%2F%2Fcdn.evbuc.com%2Fimages%2F1191235046%2F2380678949273%2F1%2Foriginal.20260817-121947?crop=focalpoint&fit=crop&w=640&auto=format%2Ccompress&q=75&sharp=10&fp-x=0.503&fp-y=0.23&s=836c0d5ebd77f37be5d24da38e6de0d0
1992988774073,KEEPFIT WELLNESS FESTIVAL,"KEEPFIT WELLNESS FESTIVALSat, Sep 19 •  8:00 AMLagos · National Stadium Surulere LagosFreeSave this event: KEEPFIT WELLNESS FESTIVALShare this event: KEEPFIT WELLNESS FESTIVAL","Sat, Sep 19 •  8:00 AM",Lagos · National Stadium Surulere Lagos,https://www.eventbrite.com/e/keepfit-wellness-festival-tickets-1992988774073,https://img.evbuc.com/https%3A%2F%2Fcdn.evbuc.com%2Fimages%2F1188533588%2F2997005307721%2F1%2Foriginal.20260709-130201?w=640&auto=format%2Ccompress&q=75&sharp=10&s=827ae7dbaa1dd21389cc6614f162c513
1991345066700,THE VOICE AND ARTISTRY SHOWCASE 2.0,"THE VOICE AND ARTISTRY SHOWCASE 2.0Fri, Sep 11 •  12:00 PMLagos · The Place Super MarketFreeVINNEY OXYGEN44 followersSave this event: THE VOICE AND ARTISTRY SHOWCASE 2.0Share this event: THE VOICE AND ARTISTRY SHOWCASE 2.0","Fri, Sep 11 •  12:00 PM",Lagos · The Place Super Market,https://www.eventbrite.com/e/the-voice-and-artistry-showcase-20-tickets-1991345066700,https://img.evbuc.com/https%3A%2F%2Fcdn.evbuc.com%2Fimages%2F1186377976%2F2797321416981%2F1%2Foriginal.20260608-062002?crop=focalpoint&fit=crop&w=640&auto=format%2Ccompress&q=75&sharp=10&fp-x=0.446&fp-y=0.447&s=0d2887d0743959c384c6fb68dd26ca85
1988284784313,THE NIGERIA GREENTECH EXPO 2.0,"THE NIGERIA GREENTECH EXPO 2.0Wed, Oct 7 •  9:00 AMLagos · Lagos Oriental HotelFreeSave this event: THE NIGERIA GREENTECH EXPO 2.0Share this event: THE NIGERIA GREENTECH EXPO 2.0","Wed, Oct 7 •  9:00 AM",Lagos · Lagos Oriental Hotel,https://www.eventbrite.com/e/the-nigeria-greentech-expo-20-tickets-1988284784313,https://img.evbuc.com/https%3A%2F%2Fcdn.evbuc.com%2Fimages%2F1188533699%2F2997005307721%2F1%2Foriginal.20260709-130339?crop=focalpoint&fit=crop&w=640&auto=format%2Ccompress&q=75&sharp=10&fp-x=0.5&fp-y=0.5&s=d8ef04cf3d7d5c218671a51a62df44b9
1983158352016,Lagos Mainland International College Fair 2026,"Lagos Mainland International College Fair 2026Sat, Oct 10 •  10:00 AMLagos · Lagos Marriott Hotel IkejaFreeNigeria International Education Fair4.8k followersSave this event: Lagos Mainland International College Fair 2026Share this event: Lagos Mainland International College Fair 2026","Sat, Oct 10 •  10:00 AM",Lagos · Lagos Marriott Hotel Ikeja,https://www.eventbrite.com/e/lagos-mainland-international-college-fair-2026-tickets-1983158352016,https://img.evbuc.com/https%3A%2F%2Fcdn.evbuc.com%2Fimages%2F1189842575%2F375420464523%2F1%2Foriginal.20260729-011916?crop=focalpoint&fit=crop&w=640&auto=format%2Ccompress&q=75&sharp=10&fp-x=0.5&fp-y=0.5&s=f175a85b2c04cf2bae2a4d8f921face8
1984403825260,Lekkside International Education Fair -Abuja October  2026,"Lekkside International Education Fair -Abuja October  2026Mon, Oct 12 •  10:00 AMAbuja · Transcorp Hilton AbujaFreeLekkside Education Consultant3.8k followersSave this event: Lekkside International Education Fair -Abuja October  2026Share this event: Lekkside International Education Fair -Abuja October  2026","Mon, Oct 12 •  10:00 AM",Abuja · Transcorp Hilton Abuja,https://www.eventbrite.ca/e/lekkside-international-education-fair-abuja-october-2026-tickets-1984403825260,https://img.evbuc.com/https%3A%2F%2Fcdn.evbuc.com%2Fimages%2F1178930298%2F190636898012%2F1%2Foriginal.20260303-183701?crop=focalpoint&fit=crop&w=640&auto=format%2Ccompress&q=75&sharp=10&fp-x=0.5&fp-y=0.5&s=8ee1eb986bad887156f8f03cf36f34c6
1987615197561,Worldview Education Fair 2026 [ Abuja - Nigeria],"Worldview Education Fair 2026 [ Abuja - Nigeria]Sat, Oct 24 •  12:00 PMAbuja · Transcorp Hilton AbujaFreeWorldview International2.1k followersSave this event: Worldview Education Fair 2026 [ Abuja - Nigeria]Share this event: Worldview Education Fair 2026 [ Abuja - Nigeria]","Sat, Oct 24 •  12:00 PM",Abuja · Transcorp Hilton Abuja,https://www.eventbrite.co.uk/e/worldview-education-fair-2026-abuja-nigeria-tickets-1987615197561,https://img.evbuc.com/https%3A%2F%2Fcdn.evbuc.com%2Fimages%2F1054837743%2F96675537591%2F1%2Foriginal.20250617-140839?w=640&auto=format%2Ccompress&q=75&sharp=10&rect=0%2C113%2C6000%2C3000&s=3bf29a3e13170e9a99966dad8c84ab82
1992271144624,JOY OF MUSIC AFRICA (JOMA) 2026,"JOY OF MUSIC AFRICA (JOMA) 2026Fri, Sep 11 •  6:00 PMLagos · Freedom Park LagosFreeTenstrings Music Institute7.3k followersSave this event: JOY OF MUSIC AFRICA (JOMA) 2026Share this event: JOY OF MUSIC AFRICA (JOMA) 2026","Fri, Sep 11 •  6:00 PM",Lagos · Freedom Park Lagos,https://www.eventbrite.com/e/joy-of-music-africa-joma-2026-tickets-1992271144624,https://img.evbuc.com/https%3A%2F%2Fcdn.evbuc.com%2Fimages%2F1191174387%2F233171142030%2F1%2Foriginal.20260816-095145?crop=focalpoint&fit=crop&w=640&auto=format%2Ccompress&q=75&sharp=10&fp-x=0.5&fp-y=0.5&s=926dfd47e6b35bc68ea5affb05d59fae
1996338204309,THE PROGRESSION: THE NIGERIAN ARCHITECTURE NARRATIVE,THE PROGRESSION: THE NIGERIAN ARCHITECTURE NARRATIVEFriday • 12:00 PMLagos · Old Lagos Prison (Freedom Park)FreeSave this event: THE PROGRESSION: THE NIGERIAN ARCHITECTURE NARRATIVEShare this event: THE PROGRESSION: THE NIGERIAN ARCHITECTURE NARRATIVE,Friday • 12:00 PM,Lagos · Old Lagos Prison (Freedom Park),https://www.eventbrite.ie/e/the-progression-the-nigerian-architecture-narrative-tickets-1996338204309,https://img.evbuc.com/https%3A%2F%2Fcdn.evbuc.com%2Fimages%2F1191408274%2F3009705319831%2F1%2Foriginal.20260819-090251?crop=focalpoint&fit=crop&w=640&auto=format%2Ccompress&q=75&sharp=10&fp-x=0.469&fp-y=0.68&s=fd6619e6260767aa45e3045a18873df0
1991289059180,THE KING’S TRYBE,"THE KING’S TRYBESun, Sep 27 •  4:00 PMLagos · David's Christian Centre (Proposed New Site)FreeDEALS132 followersSave this event: THE KING’S TRYBEShare this event: THE KING’S TRYBE","Sun, Sep 27 •  4:00 PM",Lagos · David's Christian Centre (Proposed New Site),https://www.eventbrite.com/e/the-kings-trybe-tickets-1991289059180,https://img.evbuc.com/https%3A%2F%2Fcdn.evbuc.com%2Fimages%2F1187771933%2F1835406212753%2F1%2Foriginal.20260627-194157?crop=focalpoint&fit=crop&w=640&auto=format%2Ccompress&q=75&sharp=10&fp-x=0.5&fp-y=0.5&s=1d1dd55d41661cd0d02d7cf77adc7313
1985832555631,WALS : Theme - Whole Woman Empowered in Every Season,"WALS : Theme - Whole Woman Empowered in Every SeasonSat, Sep 26 •  11:00 AMLagos · Solution ArenaFreeSave this event: WALS : Theme - Whole Woman Empowered in Every SeasonShare this event: WALS : Theme - Whole Woman Empowered in Every Season","Sat, Sep 26 •  11:00 AM",Lagos · Solution Arena,https://www.eventbrite.com/e/wals-theme-whole-woman-empowered-in-every-season-tickets-1985832555631,https://img.evbuc.com/https%3A%2F%2Fcdn.evbuc.com%2Fimages%2F1180580357%2F270680686651%2F1%2Foriginal.20260324-163823?crop=focalpoint&fit=crop&w=640&auto=format%2Ccompress&q=75&sharp=10&fp-x=0.5&fp-y=0.5&s=96f41185ec996e4abc0d73b0567fa51a
1997146634345,FINEST WORSHIP 2026,"FINEST WORSHIP 2026Fri, Nov 20 •  10:00 PMOyo · GLT Campground, Ijebu-Ode Road, off Lagos-Ibadan Expressway, Ibadan, Oyo StateFreeGod's Love Tabernacle International Church1.4k followersSave this event: FINEST WORSHIP 2026Share this event: FINEST WORSHIP 2026","Fri, Nov 20 •  10:00 PM","Oyo · GLT Campground, Ijebu-Ode Road, off Lagos-Ibadan Expressway, Ibadan, Oyo State",https://www.eventbrite.com/e/finest-worship-2026-tickets-1997146634345,https://img.evbuc.com/https%3A%2F%2Fcdn.evbuc.com%2Fimages%2F1191422942%2F196997879360%2F1%2Foriginal.20260819-133039?w=640&auto=format%2Ccompress&q=75&sharp=10&s=d20607330877f3843f5cdd46620801de
1982554800778,Made In Nigeria Shoe Expo,"Made In Nigeria Shoe ExpoFri, Nov 27 •  9:00 AMAbuja · Department of Arts and Culture Exhibition PavilionSave this event: Made In Nigeria Shoe ExpoShare this event: Made In Nigeria Shoe Expo","Fri, Nov 27 •  9:00 AM",Abuja · Department of Arts and Culture Exhibition Pavilion,https://www.eventbrite.com/e/made-in-nigeria-shoe-expo-tickets-1982554800778,https://img.evbuc.com/https%3A%2F%2Fcdn.evbuc.com%2Fimages%2F1176923899%2F1994742282043%2F1%2Foriginal.20260206-235430?crop=focalpoint&fit=crop&w=640&auto=format%2Ccompress&q=75&sharp=10&fp-x=0.5&fp-y=0.5&s=c7f059806f9dc3bbb93228a5ffca6f30
1984275204552,Lekkside International Education Fair -Lagos Mainland October 2026,"Lekkside International Education Fair -Lagos Mainland October 2026Sat, Oct 10 •  10:00 AMLagos · Lagos Marriott Hotel IkejaSave this event: Lekkside International Education Fair -Lagos Mainland October 2026Share this event: Lekkside International Education Fair -Lagos Mainland October 2026","Sat, Oct 10 •  10:00 AM",Lagos · Lagos Marriott Hotel Ikeja,https://www.eventbrite.ca/e/lekkside-international-education-fair-lagos-mainland-october-2026-tickets-1984275204552,https://img.evbuc.com/https%3A%2F%2Fcdn.evbuc.com%2Fimages%2F1178772081%2F190636898012%2F1%2Foriginal.20260302-093728?crop=focalpoint&fit=crop&w=640&auto=format%2Ccompress&q=75&sharp=10&fp-x=0.5&fp-y=0.5&s=19af88bf342a007c00a5212b061cb57a
1993093542438,ABUJA BUY & SELL PROPERTY EVENT,"ABUJA BUY & SELL PROPERTY EVENTSat, Sep 26 •  12:00 PMAbuja · Chelsea Hotels - CBDSave this event: ABUJA BUY & SELL PROPERTY EVENTShare this event: ABUJA BUY & SELL PROPERTY EVENT","Sat, Sep 26 •  12:00 PM",Abuja · Chelsea Hotels - CBD,https://www.eventbrite.com/e/abuja-buy-sell-property-event-tickets-1993093542438,https://img.evbuc.com/https%3A%2F%2Fcdn.evbuc.com%2Fimages%2F1188130343%2F3006963919423%2F1%2Foriginal.20260703-015936?crop=focalpoint&fit=crop&w=640&auto=format%2Ccompress&q=75&sharp=10&fp-x=0.5&fp-y=0.5&s=4de39421de4a57c9681e0592344aec35
1997967410308,Cybersecurity Exhibition by Defentrix Global at GITEX,Cybersecurity Exhibition by Defentrix Global at GITEXWednesday • 8:00 AMLagos · The Landmark CentreFreeSave this event: Cybersecurity Exhibition by Defentrix Global at GITEXShare this event: Cybersecurity Exhibition by Defentrix Global at GITEX,Wednesday • 8:00 AM,Lagos · The Landmark Centre,https://www.eventbrite.co.uk/e/cybersecurity-exhibition-by-defentrix-global-at-gitex-tickets-1997967410308,https://img.evbuc.com/https%3A%2F%2Fcdn.evbuc.com%2Fimages%2F1191054898%2F3010788988783%2F1%2Foriginal.20260814-110551?crop=focalpoint&fit=crop&w=640&auto=format%2Ccompress&q=75&sharp=10&fp-x=0.49&fp-y=0.176&s=59fe38455869da3bf88cdce988ea6cf2
1982979023640,Lagos Mainland Study Abroad Expo 2026,"Lagos Mainland Study Abroad Expo 2026Sat, Oct 10 •  10:00 AMLagos · Lagos Marriott Hotel IkejaFreeSTUDY ABROAD EDUCATION FAIR5.3k followersSave this event: Lagos Mainland Study Abroad Expo 2026Share this event: Lagos Mainland Study Abroad Expo 2026","Sat, Oct 10 •  10:00 AM",Lagos · Lagos Marriott Hotel Ikeja,https://www.eventbrite.ca/e/lagos-mainland-study-abroad-expo-2026-tickets-1982979023640,https://img.evbuc.com/https%3A%2F%2Fcdn.evbuc.com%2Fimages%2F1177391028%2F292352659919%2F1%2Foriginal.20260212-170312?w=640&auto=format%2Ccompress&q=75&sharp=10&rect=0%2C84%2C2804%2C1402&s=ec7d1d756b7b66537fb2aaaf69f715e9
1990948557731,2026 PSRG-RICHARDSON HSSE FORUM (18TH EDITION),"2026 PSRG-RICHARDSON HSSE FORUM (18TH EDITION)Tue, Sep 15 •  9:00 AMLagos · Eko Hotel And SuitesFreePSRG-RICHARDSON177 followersSave this event: 2026 PSRG-RICHARDSON HSSE FORUM (18TH EDITION)Share this event: 2026 PSRG-RICHARDSON HSSE FORUM (18TH EDITION)","Tue, Sep 15 •  9:00 AM",Lagos · Eko Hotel And Suites,https://www.eventbrite.com/e/2026-psrg-richardson-hsse-forum-18th-edition-tickets-1990948557731,https://img.evbuc.com/https%3A%2F%2Fcdn.evbuc.com%2Fimages%2F1186040504%2F65466281421%2F1%2Foriginal.20260603-090105?crop=focalpoint&fit=crop&w=640&auto=format%2Ccompress&q=75&sharp=10&fp-x=0.502&fp-y=0.047&s=2fa1d29433704edd53b36853d4c0ccc4
1988312097006,The Sustainability Table Discourse Series (STS): 10th Edition,"The Sustainability Table Discourse Series (STS): 10th EditionThu, Oct 15 •  10:00 AMLagos · Balmoral Convention Center, Victoria IslandFreeAvant-Garde86 followersSave this event: The Sustainability Table Discourse Series (STS): 10th EditionShare this event: The Sustainability Table Discourse Series (STS): 10th Edition","Thu, Oct 15 •  10:00 AM","Lagos · Balmoral Convention Center, Victoria Island",https://www.eventbrite.com/e/the-sustainability-table-discourse-series-sts-10th-edition-tickets-1988312097006,https://img.evbuc.com/https%3A%2F%2Fcdn.evbuc.com%2Fimages%2F1191589908%2F3000120967735%2F1%2Foriginal.20260821-125618?crop=focalpoint&fit=crop&w=640&auto=format%2Ccompress&q=75&sharp=10&fp-x=0.5&fp-y=0.5&s=3bd162b83f8233328ad226531a553a35
1989629785247,Silent Book Club  VI: Victoria Island Lagos (Sept Edition),"Silent Book Club  VI: Victoria Island Lagos (Sept Edition)Sat, Sep 26 •  2:00 PMLagos · 32 Musa Yar' Adua StFreeDani2.5k followersSave this event: Silent Book Club  VI: Victoria Island Lagos (Sept Edition)Share this event: Silent Book Club  VI: Victoria Island Lagos (Sept Edition)","Sat, Sep 26 •  2:00 PM",Lagos · 32 Musa Yar' Adua St,https://www.eventbrite.com/e/silent-book-club-vi-victoria-island-lagos-sept-edition-tickets-1989629785247,https://img.evbuc.com/https%3A%2F%2Fcdn.evbuc.com%2Fimages%2F1184892897%2F507675300939%2F1%2Foriginal.20260518-220927?crop=focalpoint&fit=crop&w=640&auto=format%2Ccompress&q=75&sharp=10&fp-x=0.5&fp-y=0.5&s=4be5562e6fbb4115d587ca0f452bc813
1997690256333,The Kabod Experience (Exalted Praise),"The Kabod Experience (Exalted Praise)Sat, Sep 12 •  9:00 AMLagos · Gracetone Digital StudioFreeSave this event: The Kabod Experience (Exalted Praise)Share this event: The Kabod Experience (Exalted Praise)","Sat, Sep 12 •  9:00 AM",Lagos · Gracetone Digital Studio,https://www.eventbrite.com/e/the-kabod-experience-exalted-praise-tickets-1997690256333,https://img.evbuc.com/https%3A%2F%2Fcdn.evbuc.com%2Fimages%2F1190881343%2F3010603571887%2F1%2Foriginal.20260812-113841?crop=focalpoint&fit=crop&w=640&auto=format%2Ccompress&q=75&sharp=10&fp-x=0.476&fp-y=0.29&s=35e0dab620ab595e8c17558021d39793
1997150397601,Kingdom Innovators Summer Bootcamp,"Kingdom Innovators Summer BootcampFri, Sep 11 •  6:00 PMLagos · 10 Kayode Alabi StFreeSave this event: Kingdom Innovators Summer BootcampShare this event: Kingdom Innovators Summer Bootcamp","Fri, Sep 11 •  6:00 PM",Lagos · 10 Kayode Alabi St,https://www.eventbrite.com/e/kingdom-innovators-summer-bootcamp-tickets-1997150397601,https://img.evbuc.com/https%3A%2F%2Fcdn.evbuc.com%2Fimages%2F1191499357%2F3010205806887%2F1%2Foriginal.20260820-101131?w=640&auto=format%2Ccompress&q=75&sharp=10&s=28f5f9a0f7ec0893cf7a76baf25166b2
N/A,The Idea Nexus Conference 2026 - Momentum: Sustaining the In-btwns,"The Idea Nexus Conference 2026 - Momentum: Sustaining the In-btwnsFri, Oct 16 •  10:00 AMIbadan · Lead City University, IbadanFreeThe Ideas Nexus Conference45 followersSave this event: The Idea Nexus Conference 2026 - Momentum: Sustaining the In-btwnsShare this event: The Idea Nexus Conference 2026 - Momentum: Sustaining the In-btwns","Fri, Oct 16 •  10:00 AM","Ibadan · Lead City University, Ibadan",https://www.eventbrite.com/e/the-idea-nexus-conference-2026-momentum-sustaining-the-in-btwns-registration-1997724124634,https://img.evbuc.com/https%3A%2F%2Fcdn.evbuc.com%2Fimages%2F1190902716%2F2885785229071%2F1%2Foriginal.20260812-161515?crop=focalpoint&fit=crop&w=640&auto=format%2Ccompress&q=75&sharp=10&fp-x=0.5&fp-y=0.5&s=6ccfcd3aee54f3fbf66de4fa912eda79
1993004209240,Real Estate Discussions and Awards (REDA) 2026,"Real Estate Discussions and Awards (REDA) 2026Tue, Oct 20 •  9:00 AMLagos · Radisson Blu Hotel, Lagos IkejaFreeTHINKMINT NIGERIA118 followersSave this event: Real Estate Discussions and Awards (REDA) 2026Share this event: Real Estate Discussions and Awards (REDA) 2026","Tue, Oct 20 •  9:00 AM","Lagos · Radisson Blu Hotel, Lagos Ikeja",https://www.eventbrite.com/e/real-estate-discussions-and-awards-reda-2026-tickets-1993004209240,https://img.evbuc.com/https%3A%2F%2Fcdn.evbuc.com%2Fimages%2F1188140660%2F992799627373%2F1%2Foriginal.20260703-073338?crop=focalpoint&fit=crop&w=640&auto=format%2Ccompress&q=75&sharp=10&fp-x=0.483&fp-y=0.386&s=a2eaf93d32477e7ac3595ff9ea1da159
1992044523795,"QS Discover Master's & MBA Fair, Abuja","QS Discover Master's & MBA Fair, AbujaSat, Oct 3 •  11:00 AMAbuja · Transcorp Hilton AbujaFreeQS TopUniversities4.4k followersSave this event: QS Discover Master's & MBA Fair, AbujaShare this event: QS Discover Master's & MBA Fair, Abuja","Sat, Oct 3 •  11:00 AM",Abuja · Transcorp Hilton Abuja,https://www.eventbrite.co.uk/e/qs-discover-masters-mba-fair-abuja-tickets-1992044523795,https://img.evbuc.com/https%3A%2F%2Fcdn.evbuc.com%2Fimages%2F1187091675%2F5609178309%2F1%2Foriginal.20260617-065409?crop=focalpoint&fit=crop&w=640&auto=format%2Ccompress&q=75&sharp=10&fp-x=0.5&fp-y=0.5&s=6da90495e7d851236dbd5aa9a7efe8a4
1994664687776,11th FATE Business Conference,"11th FATE Business ConferenceThu, Sep 17 •  8:00 AMLagos · Divine Events CenterFreeSave this event: 11th FATE Business ConferenceShare this event: 11th FATE Business Conference","Thu, Sep 17 •  8:00 AM",Lagos · Divine Events Center,https://www.eventbrite.com/e/11th-fate-business-conference-tickets-1994664687776,https://img.evbuc.com/https%3A%2F%2Fcdn.evbuc.com%2Fimages%2F1189401001%2F3008727507726%2F1%2Foriginal.20260722-154632?crop=focalpoint&fit=crop&w=640&auto=format%2Ccompress&q=75&sharp=10&fp-x=0.5&fp-y=0.5&s=3dd64c3f0a05b2c439b4fdca11ab20ae
1992622991006,DJ JUNO'S BASEMENT LIVE SET - Rhythm & Vibes[City Vibration: PH Edition],"DJ JUNO'S BASEMENT LIVE SET - Rhythm & Vibes[City Vibration: PH Edition]Thu, Sep 10 •  7:00 PMRivers · The GoodHouse PHCFreeA Few Good Men Inc.124 followersSave this event: DJ JUNO'S BASEMENT LIVE SET - Rhythm & Vibes[City Vibration: PH Edition]Share this event: DJ JUNO'S BASEMENT LIVE SET - Rhythm & Vibes[City Vibration: PH Edition]","Thu, Sep 10 •  7:00 PM",Rivers · The GoodHouse PHC,https://www.eventbrite.com/e/dj-junos-basement-live-set-rhythm-vibescity-vibration-ph-edition-tickets-1992622991006,https://img.evbuc.com/https%3A%2F%2Fcdn.evbuc.com%2Fimages%2F1185286235%2F2095051143103%2F1%2Foriginal.20260523-185447?w=640&auto=format%2Ccompress&q=75&sharp=10&s=3bde408b658bfa7febb0ae654bb771f1
1996361512023,WHISPERS OF GUILT CULTURAL AND LITERARY EVENT,"WHISPERS OF GUILT CULTURAL AND LITERARY EVENTSat, Oct 3 •  11:00 AMOgun · OOPL Event CenterFreeGbenga Ogunsola17 followersSave this event: WHISPERS OF GUILT CULTURAL AND LITERARY EVENTShare this event: WHISPERS OF GUILT CULTURAL AND LITERARY EVENT","Sat, Oct 3 •  11:00 AM",Ogun · OOPL Event Center,https://www.eventbrite.com/e/whispers-of-guilt-cultural-and-literary-event-tickets-1996361512023,https://img.evbuc.com/https%3A%2F%2Fcdn.evbuc.com%2Fimages%2F1190124424%2F3009757921483%2F1%2Foriginal.20260802-053450?crop=focalpoint&fit=crop&w=640&auto=format%2Ccompress&q=75&sharp=10&fp-x=0.5&fp-y=0.5&s=040336a55dd78f6ebaf9431cf2dede53
1979059816185,"Pre-registration - Africa Real Estate Summit, Awards & Expo, Abuja 2027","Pre-registration - Africa Real Estate Summit, Awards & Expo, Abuja 2027Sun, Aug 22 •  9:00 AMAbuja · Sandralia Hotel by WhitestoneFreeAfrica Real Estate International Ltd9.4k followersSave this event: Pre-registration - Africa Real Estate Summit, Awards & Expo, Abuja 2027Share this event: Pre-registration - Africa Real Estate Summit, Awards & Expo, Abuja 2027","Sun, Aug 22 •  9:00 AM",Abuja · Sandralia Hotel by Whitestone,https://www.eventbrite.com/e/pre-registration-africa-real-estate-summit-awards-expo-abuja-2027-tickets-1979059816185,N/A
1987614361059,Worldview Education Fair 2026 [Lagos - Nigeria],"Worldview Education Fair 2026 [Lagos - Nigeria]Tue, Oct 20 •  12:00 PMLagos · Lagos Marriott Hotel IkejaFreeWorldview International2.1k followersSave this event: Worldview Education Fair 2026 [Lagos - Nigeria]Share this event: Worldview Education Fair 2026 [Lagos - Nigeria]","Tue, Oct 20 •  12:00 PM",Lagos · Lagos Marriott Hotel Ikeja,https://www.eventbrite.co.uk/e/worldview-education-fair-2026-lagos-nigeria-tickets-1987614361059,https://img.evbuc.com/https%3A%2F%2Fcdn.evbuc.com%2Fimages%2F1185113991%2F96675537591%2F1%2Foriginal.20260521-085743?crop=focalpoint&fit=crop&w=640&auto=format%2Ccompress&q=75&sharp=10&fp-x=0.5&fp-y=0.5&s=71c861ea8c891e50e8fdfc233ca70ad8
1992703189883,Annual Child Safety Outreach 3.0.,"Annual Child Safety Outreach 3.0.Sat, Sep 5 •  9:00 AMLagos · Harvest House, Block A, Plot 6, Redemption Crescent, UPS bus-stop, Gbagada-Oworonshoki Expressway, Lagos.FreeSave this event: Annual Child Safety Outreach 3.0.Share this event: Annual Child Safety Outreach 3.0.","Sat, Sep 5 •  9:00 AM","Lagos · Harvest House, Block A, Plot 6, Redemption Crescent, UPS bus-stop, Gbagada-Oworonshoki Expressway, Lagos.",https://www.eventbrite.com/e/annual-child-safety-outreach-30-tickets-1992703189883,https://img.evbuc.com/https%3A%2F%2Fcdn.evbuc.com%2Fimages%2F1187772800%2F3006653721129%2F1%2Foriginal.20260627-200932?crop=focalpoint&fit=crop&w=640&auto=format%2Ccompress&q=75&sharp=10&fp-x=0.5&fp-y=0.5&s=56ac9acc528ec6c7276ac4855f5d1f12
1988553954408,The Creators award 2026,"The Creators award 2026Thu, Oct 1 •  5:00 PMLagos · Lagos Oriental HotelFreeThe Creators Award57 followersSave this event: The Creators award 2026Share this event: The Creators award 2026","Thu, Oct 1 •  5:00 PM",Lagos · Lagos Oriental Hotel,https://www.eventbrite.com/e/the-creators-award-2026-tickets-1988553954408,N/A
1991108355691,"QS Discover Master's & MBA Fair, Lagos","QS Discover Master's & MBA Fair, LagosThu, Oct 1 •  11:00 AMLagos · Four Points by Sheraton LagosFreeQS TopUniversities4.4k followersSave this event: QS Discover Master's & MBA Fair, LagosShare this event: QS Discover Master's & MBA Fair, Lagos","Thu, Oct 1 •  11:00 AM",Lagos · Four Points by Sheraton Lagos,https://www.eventbrite.co.uk/e/qs-discover-masters-mba-fair-lagos-tickets-1991108355691,https://img.evbuc.com/https%3A%2F%2Fcdn.evbuc.com%2Fimages%2F1187091675%2F5609178309%2F1%2Foriginal.20260617-065409?crop=focalpoint&fit=crop&w=640&auto=format%2Ccompress&q=75&sharp=10&fp-x=0.5&fp-y=0.5&s=6da90495e7d851236dbd5aa9a7efe8a4
1987616805370,Worldview Education Fair 2026 [Portharcourt - Nigeria],"Worldview Education Fair 2026 [Portharcourt - Nigeria]Thu, Oct 22 •  12:00 PMRivers · THE LIMEWOOD HOTELFreeWorldview International2.1k followersSave this event: Worldview Education Fair 2026 [Portharcourt - Nigeria]Share this event: Worldview Education Fair 2026 [Portharcourt - Nigeria]","Thu, Oct 22 •  12:00 PM",Rivers · THE LIMEWOOD HOTEL,https://www.eventbrite.co.uk/e/worldview-education-fair-2026-portharcourt-nigeria-tickets-1987616805370,https://img.evbuc.com/https%3A%2F%2Fcdn.evbuc.com%2Fimages%2F1185114057%2F96675537591%2F1%2Foriginal.20260521-085900?w=640&auto=format%2Ccompress&q=75&sharp=10&s=fdd7fca0e33ce9dc01847fd2e1ef2226
1997980301867,Rethinking Nigeria’s Digital Infrastructure Strategy to Attract Investment,"Rethinking Nigeria’s Digital Infrastructure Strategy to Attract InvestmentWed, Sep 16 •  10:00 AMLagos · Radisson Blu Hotel, Lagos IkejaFreeBusiness Remarks76 followersSave this event: Rethinking Nigeria’s Digital Infrastructure Strategy to Attract InvestmentShare this event: Rethinking Nigeria’s Digital Infrastructure Strategy to Attract Investment","Wed, Sep 16 •  10:00 AM","Lagos · Radisson Blu Hotel, Lagos Ikeja",https://www.eventbrite.com/e/rethinking-nigerias-digital-infrastructure-strategy-to-attract-investment-tickets-1997980301867,https://img.evbuc.com/https%3A%2F%2Fcdn.evbuc.com%2Fimages%2F1191080526%2F237453850596%2F1%2Foriginal.20260814-160201?crop=focalpoint&fit=crop&w=640&auto=format%2Ccompress&q=75&sharp=10&fp-x=0.5&fp-y=0.5&s=736e907ac9c4298506db396088b46fb6
1996803614363,Go Local Summit 2.0,"Go Local Summit 2.0Thu, Sep 17 •  9:00 AMLagos · Sheraton Lagos HotelFreeBusinessday213 followersSave this event: Go Local Summit 2.0Share this event: Go Local Summit 2.0","Thu, Sep 17 •  9:00 AM",Lagos · Sheraton Lagos Hotel,https://www.eventbrite.com/e/go-local-summit-20-tickets-1996803614363,https://img.evbuc.com/https%3A%2F%2Fcdn.evbuc.com%2Fimages%2F1190373376%2F369025841319%2F1%2Foriginal.20260805-141229?crop=focalpoint&fit=crop&w=640&auto=format%2Ccompress&q=75&sharp=10&fp-x=0.5&fp-y=0.5&s=9ad3faa4c556659e082bafc7c14049e9
1997339540332,Young Innovators Forum,"Young Innovators ForumWed, Oct 14 •  9:00 AMLagos · Radisson Blu Anchorage Hotel, Lagos, V.I.FreeSave this event: Young Innovators ForumShare this event: Young Innovators Forum","Wed, Oct 14 •  9:00 AM","Lagos · Radisson Blu Anchorage Hotel, Lagos, V.I.",https://www.eventbrite.com/e/young-innovators-forum-tickets-1997339540332,https://img.evbuc.com/https%3A%2F%2Fcdn.evbuc.com%2Fimages%2F1190651839%2F369025841319%2F1%2Foriginal.20260809-162621?crop=focalpoint&fit=crop&w=640&auto=format%2Ccompress&q=75&sharp=10&fp-x=0.5&fp-y=0.5&s=5884e792935d9e46e2d1334777bd0ceb
1993593573043,From Interest to Action: Your Future at IE University,"From Interest to Action: Your Future at IE UniversityThu, Sep 17 •  6:00 PMLagos · Radisson Blu Anchorage Hotel, Lagos, V.I.FreeIE University - West Africa2k followersSave this event: From Interest to Action: Your Future at IE UniversityShare this event: From Interest to Action: Your Future at IE University","Thu, Sep 17 •  6:00 PM","Lagos · Radisson Blu Anchorage Hotel, Lagos, V.I.",https://www.eventbrite.es/e/from-interest-to-action-your-future-at-ie-university-tickets-1993593573043,https://img.evbuc.com/https%3A%2F%2Fcdn.evbuc.com%2Fimages%2F1188524096%2F215986123110%2F1%2Foriginal.20260709-093513?w=640&auto=format%2Ccompress&q=75&sharp=10&s=70446008a01dc22e2f7c0b4deb5759e9
1997395905923,LAOLU ADEWUMI - MEADOW EP LISTENING PARTY,"LAOLU ADEWUMI - MEADOW EP LISTENING PARTYSun, Sep 20 •  3:00 PMLagos · 4 Ilojo Crescent, behind Savoil, Obanikoro, LagosFreeSave this event: LAOLU ADEWUMI - MEADOW EP LISTENING PARTYShare this event: LAOLU ADEWUMI - MEADOW EP LISTENING PARTY","Sun, Sep 20 •  3:00 PM","Lagos · 4 Ilojo Crescent, behind Savoil, Obanikoro, Lagos",https://www.eventbrite.com/e/laolu-adewumi-meadow-ep-listening-party-tickets-1997395905923,https://img.evbuc.com/https%3A%2F%2Fcdn.evbuc.com%2Fimages%2F1190666599%2F1355713344233%2F1%2Foriginal.20260809-221501?crop=focalpoint&fit=crop&w=640&auto=format%2Ccompress&q=75&sharp=10&fp-x=0.535&fp-y=1.0&s=5ba1369e1bdad411586e47a85bc65376
1994592862946,Jazz In My Room,"Jazz In My RoomSun, Sep 27 •  4:00 PMLagos · 4 Kadiri St, off Ajayi RoadFreeSave this event: Jazz In My RoomShare this event: Jazz In My Room","Sun, Sep 27 •  4:00 PM","Lagos · 4 Kadiri St, off Ajayi Road",https://www.eventbrite.com/e/jazz-in-my-room-tickets-1994592862946,https://img.evbuc.com/https%3A%2F%2Fcdn.evbuc.com%2Fimages%2F1189560791%2F151850164214%2F1%2Foriginal.20260724-171020?crop=focalpoint&fit=crop&w=640&auto=format%2Ccompress&q=75&sharp=10&fp-x=0.269&fp-y=0.505&s=f679aafdade1897e5c1642d43b18a2bd
1995953466548,Future-Ready Executive Masterclass: AI & Automation,"Future-Ready Executive Masterclass: AI & AutomationThu, Sep 24 •  9:00 AMLagos · Mövenpick Hotel, Ikoyi, LagosFreeMelodia Coding Academy1.2k followersSave this event: Future-Ready Executive Masterclass: AI & AutomationShare this event: Future-Ready Executive Masterclass: AI & Automation","Thu, Sep 24 •  9:00 AM","Lagos · Mövenpick Hotel, Ikoyi, Lagos",https://www.eventbrite.co.uk/e/future-ready-executive-masterclass-ai-automation-tickets-1995953466548,https://img.evbuc.com/https%3A%2F%2Fcdn.evbuc.com%2Fimages%2F1189883942%2F199427411868%2F1%2Foriginal.20260729-153312?crop=focalpoint&fit=crop&w=640&auto=format%2Ccompress&q=75&sharp=10&fp-x=0.437&fp-y=0.722&s=b59351e6cef60a923d36ef1c4948ca8a
1982174664781,"Africa - Dubai Home Expo, Abuja 2026","Africa - Dubai Home Expo, Abuja 2026Sun, Aug 22 •  9:00 AMAbuja · Sandralia Hotel by WhitestoneFreeAfrica Real Estate International Ltd9.4k followersSave this event: Africa - Dubai Home Expo, Abuja 2026Share this event: Africa - Dubai Home Expo, Abuja 2026","Sun, Aug 22 •  9:00 AM",Abuja · Sandralia Hotel by Whitestone,https://www.eventbrite.com/e/africa-dubai-home-expo-abuja-2026-tickets-1982174664781,https://img.evbuc.com/https%3A%2F%2Fcdn.evbuc.com%2Fimages%2F1176433372%2F180486029870%2F1%2Foriginal.20260202-094547?crop=focalpoint&fit=crop&w=640&auto=format%2Ccompress&q=75&sharp=10&fp-x=0.5&fp-y=0.5&s=81cc5379a4e06ac9d52b1caa7f6977eb
1992653617611,TOSSE,TOSSEThursday • 9:00 AMLagos · Ten Degrees Event CentreFreeEdumark1.2k followersSave this event: TOSSEShare this event: TOSSE,Thursday • 9:00 AM,Lagos · Ten Degrees Event Centre,https://www.eventbrite.com/e/tosse-tickets-1992653617611,https://img.evbuc.com/https%3A%2F%2Fcdn.evbuc.com%2Fimages%2F1188067497%2F31864661113%2F1%2Foriginal.20260702-094046?crop=focalpoint&fit=crop&w=640&auto=format%2Ccompress&q=75&sharp=10&fp-x=0.5&fp-y=0.5&s=2314ea9c971a63c2c9faf55aede26e1d
1998351694713,Music Kamp Africa 2026,"Music Kamp Africa 2026Wed, Sep 23 •  10:00 AMLagos · New Iceland Beach ResortFreeTenstrings Music Institute7.3k followersSave this event: Music Kamp Africa 2026Share this event: Music Kamp Africa 2026","Wed, Sep 23 •  10:00 AM",Lagos · New Iceland Beach Resort,https://www.eventbrite.com/e/music-kamp-africa-2026-tickets-1998351694713,https://img.evbuc.com/https%3A%2F%2Fcdn.evbuc.com%2Fimages%2F1191321244%2F233171142030%2F1%2Foriginal.20260818-102733?crop=focalpoint&fit=crop&w=640&auto=format%2Ccompress&q=75&sharp=10&fp-x=0.5&fp-y=0.5&s=d62df5415570010a1ca8a9dfca6e0dfb
1998125370772,Lagos Youth Beach Party 2026,"Lagos Youth Beach Party 2026Fri, Sep 25 •  12:00 PMLagos · New Iceland Beach ResortFreeTenstrings Music Institute7.3k followersSave this event: Lagos Youth Beach Party 2026Share this event: Lagos Youth Beach Party 2026","Fri, Sep 25 •  12:00 PM",Lagos · New Iceland Beach Resort,https://www.eventbrite.com/e/lagos-youth-beach-party-2026-tickets-1998125370772,https://img.evbuc.com/https%3A%2F%2Fcdn.evbuc.com%2Fimages%2F1191174714%2F233171142030%2F1%2Foriginal.20260816-101151?crop=focalpoint&fit=crop&w=640&auto=format%2Ccompress&q=75&sharp=10&fp-x=0.5&fp-y=0.5&s=ee8e0c46b2fd34826ef09dcd19dc6402
1997442563477,Career Fair Festival Lagos,"Career Fair Festival LagosTue, Sep 8 •  10:00 AMLagos · Miva Open UniversityFreeSave this event: Career Fair Festival LagosShare this event: Career Fair Festival Lagos","Tue, Sep 8 •  10:00 AM",Lagos · Miva Open University,https://www.eventbrite.com/e/career-fair-festival-lagos-tickets-1997442563477,https://img.evbuc.com/https%3A%2F%2Fcdn.evbuc.com%2Fimages%2F1190697698%2F3010315364459%2F1%2Foriginal.20260810-114219?crop=focalpoint&fit=crop&w=320&auto=format%2Ccompress&q=75&sharp=10&fp-x=0.524&fp-y=0.118&s=88dcc936f95f4a28f86f9159b8b12db7
1556733685359,Women of Purpose International Network Liquid Fire Conference 2027,"Women of Purpose International Network Liquid Fire Conference 2027Sat, Jan 2 •  12:00 PMLagos · Lagos Oriental HotelFreeWOPIN453 followersSave this event: Women of Purpose International Network Liquid Fire Conference 2027Share this event: Women of Purpose International Network Liquid Fire Conference 2027","Sat, Jan 2 •  12:00 PM",Lagos · Lagos Oriental Hotel,https://www.eventbrite.com/e/women-of-purpose-international-network-liquid-fire-conference-2027-tickets-1556733685359,https://img.evbuc.com/https%3A%2F%2Fcdn.evbuc.com%2Fimages%2F1190347437%2F28792120839%2F1%2Foriginal.20260805-045203?crop=focalpoint&fit=crop&w=640&auto=format%2Ccompress&q=75&sharp=10&fp-x=0.565&fp-y=0.624&s=98a0fb06408174739e0ec659b905ddc1
1997803754810,1000 WALK AGAINST SUICIDE,"1000 WALK AGAINST SUICIDESat, Sep 12 •  7:00 AMAbuja · Abuja city gate car parkFreeSave this event: 1000 WALK AGAINST SUICIDEShare this event: 1000 WALK AGAINST SUICIDE","Sat, Sep 12 •  7:00 AM",Abuja · Abuja city gate car park,https://www.eventbrite.ca/e/1000-walk-against-suicide-tickets-1997803754810,https://img.evbuc.com/https%3A%2F%2Fcdn.evbuc.com%2Fimages%2F1190951605%2F1542977481033%2F1%2Foriginal.20260813-034546?crop=focalpoint&fit=crop&w=640&auto=format%2Ccompress&q=75&sharp=10&fp-x=0.5&fp-y=0.5&s=86b71eaf3b545ef62ea3fb139a7d1e03
1998208555580,Entrepreneur Service,"Entrepreneur ServiceSun, Sep 6 •  8:00 AMAbuja · Awesome PlazaFreeCornerstone assembly218 followersSave this event: Entrepreneur ServiceShare this event: Entrepreneur Service","Sun, Sep 6 •  8:00 AM",Abuja · Awesome Plaza,https://www.eventbrite.co.uk/e/entrepreneur-service-tickets-1998208555580,https://img.evbuc.com/https%3A%2F%2Fcdn.evbuc.com%2Fimages%2F1191229123%2F2777072862381%2F1%2Foriginal.20260817-100941?crop=focalpoint&fit=crop&w=640&auto=format%2Ccompress&q=75&sharp=10&fp-x=0.017&fp-y=0.38&s=f3097121e2046dd303df53d22b8d666c
1992393171610,Global Encryption Day 2026,"Global Encryption Day 2026Sat, Sep 26 •  10:00 AMRivers · Pyale WorkHubFreeTOMKEY INTEGRATED SERVICES LIMITED34 followersSave this event: Global Encryption Day 2026Share this event: Global Encryption Day 2026","Sat, Sep 26 •  10:00 AM",Rivers · Pyale WorkHub,https://www.eventbrite.com/e/global-encryption-day-2026-tickets-1992393171610,https://img.evbuc.com/https%3A%2F%2Fcdn.evbuc.com%2Fimages%2F1187439716%2F792794423073%2F1%2Foriginal.20260622-230908?crop=focalpoint&fit=crop&w=640&auto=format%2Ccompress&q=75&sharp=10&fp-x=0.5&fp-y=0.5&s=91c3bb27fa640e1c827dcba3ad0153c2
1997149958287,African Creators Conference 2.0,"African Creators Conference 2.0Fri, Oct 30 •  8:30 AMAbuja · Abuja Trade & Convention CenterFreeBranddek Limited46 followersSave this event: African Creators Conference 2.0Share this event: African Creators Conference 2.0","Fri, Oct 30 •  8:30 AM",Abuja · Abuja Trade & Convention Center,https://www.eventbrite.com/e/african-creators-conference-20-tickets-1997149958287,https://img.evbuc.com/https%3A%2F%2Fcdn.evbuc.com%2Fimages%2F1191686629%2F2858700584481%2F1%2Foriginal.20260823-070628?crop=focalpoint&fit=crop&w=640&auto=format%2Ccompress&q=75&sharp=10&fp-x=0.938&fp-y=0.521&s=360684ec5e8b275af90b80478e978263
1982684318168,The Big Walk (Check Your Bobi) – World Cancer Day Awareness,"The Big Walk (Check Your Bobi) – World Cancer Day AwarenessThu, Feb 4 •  7:00 AMAbuja · Ministry of women affairs, AbujaFreeEquitable Medicaid and Clinical Research Ltd/Gte940 followersSave this event: The Big Walk (Check Your Bobi) – World Cancer Day AwarenessShare this event: The Big Walk (Check Your Bobi) – World Cancer Day Awareness","Thu, Feb 4 •  7:00 AM","Abuja · Ministry of women affairs, Abuja",https://www.eventbrite.com/e/the-big-walk-check-your-bobi-world-cancer-day-awareness-tickets-1982684318168,https://img.evbuc.com/https%3A%2F%2Fcdn.evbuc.com%2Fimages%2F1177058451%2F1968214639363%2F1%2Foriginal.20260209-141014?crop=focalpoint&fit=crop&w=640&auto=format%2Ccompress&q=75&sharp=10&fp-x=0.5&fp-y=0.183&s=42dd6010b2a5d2f7f5e76ae9f1e82e2c
1997441491270,Travels & Tours Expo,"Travels & Tours ExpoTue, Sep 22 •  8:00 AMLagos · Lagos Oriental HotelFreeEventhive.ng4.2k followersSave this event: Travels & Tours ExpoShare this event: Travels & Tours Expo","Tue, Sep 22 •  8:00 AM",Lagos · Lagos Oriental Hotel,https://www.eventbrite.com/e/travels-tours-expo-tickets-1997441491270,https://img.evbuc.com/https%3A%2F%2Fcdn.evbuc.com%2Fimages%2F1190696308%2F320798794691%2F1%2Foriginal.20260810-111404?crop=focalpoint&fit=crop&w=640&auto=format%2Ccompress&q=75&sharp=10&fp-x=0.5&fp-y=0.5&s=f406ad2d68d62933fbc43661229dffb2
1993158336238,Why Men Fail,"Why Men FailSat, Sep 19 •  4:00 PMAbuja · Awesome PlazaFreeCornerstone assembly218 followersSave this event: Why Men FailShare this event: Why Men Fail","Sat, Sep 19 •  4:00 PM",Abuja · Awesome Plaza,https://www.eventbrite.co.uk/e/why-men-fail-tickets-1993158336238,https://img.evbuc.com/https%3A%2F%2Fcdn.evbuc.com%2Fimages%2F1191133537%2F2777072862381%2F1%2Foriginal.20260815-095011?crop=focalpoint&fit=crop&w=640&auto=format%2Ccompress&q=75&sharp=10&fp-x=0.104&fp-y=0.264&s=4676d197b220b87974579f3ffbcfab75
1261330335989,Couples Hand Casting Session,Couples Hand Casting SessionFriday • 2:00 PM + 79 moreLagos · 32 Musa Yar' Adua StFrom $35.00Dani1.2k followersSave this event: Couples Hand Casting SessionShare this event: Couples Hand Casting Session,Friday • 2:00 PM + 79 more,Lagos · 32 Musa Yar' Adua St,https://www.eventbrite.com/e/couples-hand-casting-session-tickets-1261330335989,https://img.evbuc.com/https%3A%2F%2Fcdn.evbuc.com%2Fimages%2F970025553%2F380767785573%2F1%2Foriginal.20250226-160245?crop=focalpoint&fit=crop&w=640&auto=format%2Ccompress&q=75&sharp=10&fp-x=0.512393552311&fp-y=0.198443579767&s=7b3d073077a340e986540f4b0e298cb7
1998343062895,The TeXcellence Conference 2026,"The TeXcellence Conference 2026Tue, Oct 13 •  9:00 AMLagos · Landmark CentreFreeSave this event: The TeXcellence Conference 2026Share this event: The TeXcellence Conference 2026","Tue, Oct 13 •  9:00 AM",Lagos · Landmark Centre,https://www.eventbrite.com/e/the-texcellence-conference-2026-tickets-1998343062895,https://img.evbuc.com/https%3A%2F%2Fcdn.evbuc.com%2Fimages%2F1191311758%2F2835190165551%2F1%2Foriginal.20260818-070025?crop=focalpoint&fit=crop&w=640&auto=format%2Ccompress&q=75&sharp=10&fp-x=0.5&fp-y=0.5&s=dce5d7aa3103f50e1d547bcfbc3492c0
1999039621320,"Certificate in Green Governance, Enterprise & Sustainable Development","Certificate in Green Governance, Enterprise & Sustainable DevelopmentTue, Sep 15 •  10:00 AMNiger · Green Minds HotelFrom $89.00Save this event: Certificate in Green Governance, Enterprise & Sustainable DevelopmentShare this event: Certificate in Green Governance, Enterprise & Sustainable Development","Tue, Sep 15 •  10:00 AM",Niger · Green Minds Hotel,https://www.eventbrite.co.uk/e/certificate-in-green-governance-enterprise-sustainable-development-tickets-1999039621320,https://img.evbuc.com/https%3A%2F%2Fcdn.evbuc.com%2Fimages%2F1192053742%2F3010029701720%2F1%2Foriginal.20260827-172923?crop=focalpoint&fit=crop&w=320&auto=format%2Ccompress&q=75&sharp=10&fp-x=0.5&fp-y=0.5&s=8d7196d2f15ceb95b9eed7fc431f0d28
1998343724875,Yaba College of Technology  Bincom  Hackathon Physical  Kickoff,"Yaba College of Technology  Bincom  Hackathon Physical  KickoffThu, Sep 17 •  4:00 PMLagos · Yaba college of technology, science complex second floor C5FreeBincom Dev Center2.3k followersSave this event: Yaba College of Technology  Bincom  Hackathon Physical  KickoffShare this event: Yaba College of Technology  Bincom  Hackathon Physical  Kickoff","Thu, Sep 17 •  4:00 PM","Lagos · Yaba college of technology, science complex second floor C5",https://www.eventbrite.co.uk/e/yaba-college-of-technology-bincom-hackathon-physical-kickoff-tickets-1998343724875,https://img.evbuc.com/https%3A%2F%2Fcdn.evbuc.com%2Fimages%2F1191311501%2F3002713196198%2F1%2Foriginal.20260818-064929?crop=focalpoint&fit=crop&w=640&auto=format%2Ccompress&q=75&sharp=10&fp-x=0.593&fp-y=0.169&s=a9715e5eb98f42628eda2b875b1145da
1997441602603,20th Anniversary/Award,"20th Anniversary/AwardFri, Sep 11 •  2:00 PMLagos · Radisson Blu Hotel, Lagos IkejaFreeSave this event: 20th Anniversary/AwardShare this event: 20th Anniversary/Award","Fri, Sep 11 •  2:00 PM","Lagos · Radisson Blu Hotel, Lagos Ikeja",https://www.eventbrite.com/e/20th-anniversaryaward-tickets-1997441602603,https://img.evbuc.com/https%3A%2F%2Fcdn.evbuc.com%2Fimages%2F1190695147%2F3010292919436%2F1%2Foriginal.20260810-104937?crop=focalpoint&fit=crop&w=320&auto=format%2Ccompress&q=75&sharp=10&fp-x=0.5&fp-y=0.5&s=9db82ba9f579bf9374711d16530ef346
1997395875833,BE THE LIGHT CONFERENCE: NIGERIA,BE THE LIGHT CONFERENCE: NIGERIALagos · The King's HeritageFreeGlobal Light Organization38 followersSave this event: BE THE LIGHT CONFERENCE: NIGERIAShare this event: BE THE LIGHT CONFERENCE: NIGERIA,Lagos · The King's Heritage,Free,https://www.eventbrite.com/e/be-the-light-conference-nigeria-tickets-1997395875833,https://img.evbuc.com/https%3A%2F%2Fcdn.evbuc.com%2Fimages%2F1190664793%2F571428881795%2F1%2Foriginal.20260809-212958?crop=focalpoint&fit=crop&w=640&auto=format%2Ccompress&q=75&sharp=10&fp-x=0.5&fp-y=0.5&s=70890f5057afba02d55fe6ed5fbe8819
1979080092833,"Pre-registration, African Youth and Real Estate Summit, Lagos 2026","Pre-registration, African Youth and Real Estate Summit, Lagos 2026Sat, Nov 7 •  9:00 AMLagos · Lagos Oriental HotelFreeAfrica Real Estate International Ltd9.4k followersSave this event: Pre-registration, African Youth and Real Estate Summit, Lagos 2026Share this event: Pre-registration, African Youth and Real Estate Summit, Lagos 2026","Sat, Nov 7 •  9:00 AM",Lagos · Lagos Oriental Hotel,https://www.eventbrite.com/e/pre-registration-african-youth-and-real-estate-summit-lagos-2026-tickets-1979080092833,https://img.evbuc.com/https%3A%2F%2Fcdn.evbuc.com%2Fimages%2F1173546246%2F180486029870%2F1%2Foriginal.20251226-202038?crop=focalpoint&fit=crop&w=640&auto=format%2Ccompress&q=75&sharp=10&fp-x=0.5&fp-y=0.5&s=065a78cb0939af459e7a7fad3622428e
1984474641072,This is your storytelling Meet The Author invite,"This is your storytelling Meet The Author inviteSat, Oct 3 •  1:00 PMLagos · Patabah Books LimitedFreeSubomis Children Corporation28 followersSave this event: This is your storytelling Meet The Author inviteShare this event: This is your storytelling Meet The Author invite","Sat, Oct 3 •  1:00 PM",Lagos · Patabah Books Limited,https://www.eventbrite.com/e/this-is-your-storytelling-meet-the-author-invite-tickets-1984474641072,https://img.evbuc.com/https%3A%2F%2Fcdn.evbuc.com%2Fimages%2F1180223530%2F2027331762623%2F1%2Foriginal.20260319-122237?crop=focalpoint&fit=crop&w=320&auto=format%2Ccompress&q=75&sharp=10&fp-x=0.462&fp-y=0.074&s=7ad6352f22ac344b1728bb4fa6c31a99
1998423755248,REALTORS BOOTCAMP 5.0,"REALTORS BOOTCAMP 5.0Sat, Sep 19 •  9:00 AMLagos · The Frontier PlaceFreeFrontier Homes512 followersSave this event: REALTORS BOOTCAMP 5.0Share this event: REALTORS BOOTCAMP 5.0","Sat, Sep 19 •  9:00 AM",Lagos · The Frontier Place,https://www.eventbrite.com/e/realtors-bootcamp-50-tickets-1998423755248,https://img.evbuc.com/https%3A%2F%2Fcdn.evbuc.com%2Fimages%2F1191421398%2F231647716178%2F1%2Foriginal.20260819-130935?w=640&auto=format%2Ccompress&q=75&sharp=10&rect=0%2C279%2C1201%2C600&s=d78fecede582ace7d9a51d4d593feb91
1994412964866,KITCHEN & BATH NIGERIA 2026,"KITCHEN & BATH NIGERIA 2026Tue, Nov 3 •  10:00 AMAbuja · Abuja Trade & Convention CenterFreeCEMS Tradeshow14 followersSave this event: KITCHEN & BATH NIGERIA 2026Share this event: KITCHEN & BATH NIGERIA 2026","Tue, Nov 3 •  10:00 AM",Abuja · Abuja Trade & Convention Center,https://www.eventbrite.com/e/kitchen-bath-nigeria-2026-tickets-1994412964866,https://img.evbuc.com/https%3A%2F%2Fcdn.evbuc.com%2Fimages%2F1189119032%2F2989350753306%2F1%2Foriginal.20260718-105536?w=640&auto=format%2Ccompress&q=75&sharp=10&s=071cd299290da6c8831430720962a433
1998255405710,August Tea Party: Connect. Collaborate. Grow.,August Tea Party: Connect. Collaborate. Grow.Today • 1:00 PMLagos · pondicheriFreeSave this event: August Tea Party: Connect. Collaborate. Grow.Share this event: August Tea Party: Connect. Collaborate. Grow.,Today • 1:00 PM,Lagos · pondicheri,https://www.eventbrite.com/e/august-tea-party-connect-collaborate-grow-tickets-1998255405710,https://img.evbuc.com/https%3A%2F%2Fcdn.evbuc.com%2Fimages%2F1191270683%2F3008679035781%2F1%2Foriginal.20260817-185900?crop=focalpoint&fit=crop&w=640&auto=format%2Ccompress&q=75&sharp=10&fp-x=0.5&fp-y=0.5&s=f91b8b30cd5a4652837e8bd091257d97
1998366749743,Yaba Bincom Hackathon Physical Event Kick Off,"Yaba Bincom Hackathon Physical Event Kick OffWed, Sep 16 •  12:00 PMLagos · 5 Anthony Ajayi Street, Onike Yaba, Lagos.FreeBincom Dev Center2.3k followersSave this event: Yaba Bincom Hackathon Physical Event Kick OffShare this event: Yaba Bincom Hackathon Physical Event Kick Off","Wed, Sep 16 •  12:00 PM","Lagos · 5 Anthony Ajayi Street, Onike Yaba, Lagos.",https://www.eventbrite.co.uk/e/yaba-bincom-hackathon-physical-event-kick-off-tickets-1998366749743,https://img.evbuc.com/https%3A%2F%2Fcdn.evbuc.com%2Fimages%2F1191337045%2F3002713196198%2F1%2Foriginal.20260818-143248?crop=focalpoint&fit=crop&w=640&auto=format%2Ccompress&q=75&sharp=10&fp-x=0.524&fp-y=0.189&s=41fa9286c4264fbc1bd151bc696e2fd6
1995187539640,MADE WHOLE,"MADE WHOLESat, Sep 19 •  11:00 AMLagos · One ChurchFreeSave this event: MADE WHOLEShare this event: MADE WHOLE","Sat, Sep 19 •  11:00 AM",Lagos · One Church,https://www.eventbrite.com/e/made-whole-tickets-1995187539640,https://img.evbuc.com/https%3A%2F%2Fcdn.evbuc.com%2Fimages%2F1189600671%2F3009114031585%2F1%2Foriginal.20260725-114931?crop=focalpoint&fit=crop&w=640&auto=format%2Ccompress&q=75&sharp=10&fp-x=0.5&fp-y=0.5&s=b6f6c793b32656d599005d5dc941c53f
1998377140823,Porthacourt Bincom Hackathon Physical  KickOff,"Porthacourt Bincom Hackathon Physical  KickOffMon, Sep 14 •  5:00 PMRivers · RCCG New Breed Chapel, 2 Wenedah Street, Rumudara, Port HarcourtFreeBincom Dev Center2.3k followersSave this event: Porthacourt Bincom Hackathon Physical  KickOffShare this event: Porthacourt Bincom Hackathon Physical  KickOff","Mon, Sep 14 •  5:00 PM","Rivers · RCCG New Breed Chapel, 2 Wenedah Street, Rumudara, Port Harcourt",https://www.eventbrite.co.uk/e/porthacourt-bincom-hackathon-physical-kickoff-tickets-1998377140823,https://img.evbuc.com/https%3A%2F%2Fcdn.evbuc.com%2Fimages%2F1191344558%2F3002713196198%2F1%2Foriginal.20260818-154318?crop=focalpoint&fit=crop&w=640&auto=format%2Ccompress&q=75&sharp=10&fp-x=0.49&fp-y=0.128&s=d4b89d4bce3c7773367a337001cc16e7
1998416007073,LCYDI YOUTH IN LEADERSHIP SYMPOSIUM,"LCYDI YOUTH IN LEADERSHIP SYMPOSIUMSat, Sep 26 •  10:00 AMLagos · Trendy Event CenterFreeLagos Community Youths Development Initiative49 followersSave this event: LCYDI YOUTH IN LEADERSHIP SYMPOSIUMShare this event: LCYDI YOUTH IN LEADERSHIP SYMPOSIUM","Sat, Sep 26 •  10:00 AM",Lagos · Trendy Event Center,https://www.eventbrite.com/e/lcydi-youth-in-leadership-symposium-tickets-1998416007073,https://img.evbuc.com/https%3A%2F%2Fcdn.evbuc.com%2Fimages%2F1191413811%2F106732883629%2F1%2Foriginal.20260819-105450?crop=focalpoint&fit=crop&w=640&auto=format%2Ccompress&q=75&sharp=10&fp-x=0.482&fp-y=0.288&s=6226fbb5f70ecbccbced5dde46acdd27
1998155050545,Marche DELUX,"Marche DELUXSat, Sep 12 •  3:00 PMLagos · Kulture YardFreeSave this event: Marche DELUXShare this event: Marche DELUX","Sat, Sep 12 •  3:00 PM",Lagos · Kulture Yard,https://www.eventbrite.com/e/marche-delux-tickets-1998155050545,N/A
1998370719617,Kano Bincom Hackathon Physical Event Kickoff,"Kano Bincom Hackathon Physical Event KickoffWed, Sep 16 •  3:00 PMKano · Global Digital Innovation NetworkFreeBincom Dev Center2.3k followersSave this event: Kano Bincom Hackathon Physical Event KickoffShare this event: Kano Bincom Hackathon Physical Event Kickoff","Wed, Sep 16 •  3:00 PM",Kano · Global Digital Innovation Network,https://www.eventbrite.co.uk/e/kano-bincom-hackathon-physical-event-kickoff-tickets-1998370719617,https://img.evbuc.com/https%3A%2F%2Fcdn.evbuc.com%2Fimages%2F1191339632%2F3002713196198%2F1%2Foriginal.20260818-145937?crop=focalpoint&fit=crop&w=640&auto=format%2Ccompress&q=75&sharp=10&fp-x=0.483&fp-y=0.121&s=cb17eb31b07eaebb665ed82000ae5d00
1998389681332,AI Studio Builder Lab — Build Your First AI-Powered Website,Sales end soonAI Studio Builder Lab — Build Your First AI-Powered WebsiteTomorrow • 12:00 AM GMT+1From $12.51PromotedSave this event: AI Studio Builder Lab — Build Your First AI-Powered WebsiteShare this event: AI Studio Builder Lab — Build Your First AI-Powered WebsitePromoted event actions,Sales end soon,Tomorrow • 12:00 AM GMT+1,https://www.eventbrite.com/e/ai-studio-builder-lab-build-your-first-ai-powered-website-tickets-1998389681332,https://img.evbuc.com/https%3A%2F%2Fcdn.evbuc.com%2Fimages%2F1191586187%2F1486326369863%2F1%2Foriginal.20260821-113427?crop=focalpoint&fit=crop&h=230&w=460&auto=format%2Ccompress&q=75&sharp=10&fp-x=0.861&fp-y=0.438&s=79a7ca5f36c626c0b360ee7581d9ad16
